"Keyword","Question","Answer"
"malaria","How can I manage malaria?","Healthy lifestyle choices, regular screenings, and early intervention may improve outcomes related to malaria."
"mental health","How can I manage mental health?","mental health may have multiple causes and risk factors. Users should consult qualified healthcare professionals for diagnosis and treatment."
"malaria","How can I manage malaria?","Kedicare provides educational information about malaria, including symptoms, prevention strategies, treatment guidance, and when to seek professional care."
"exercise","How can I manage exercise?","Kedicare provides educational information about exercise, including symptoms, prevention strategies, treatment guidance, and when to seek professional care."
"diabetes","How can I manage diabetes?","diabetes may have multiple causes and risk factors. Users should consult qualified healthcare professionals for diagnosis and treatment."
"mental health","How can I manage mental health?","Kedicare provides educational information about mental health, including symptoms, prevention strategies, treatment guidance, and when to seek professional care."
"women's health","How can I manage women's health?","Kedicare offers symptom assessment and evidence-based health education for people seeking information about women's health."
"mental health","How can I manage mental health?","Healthy lifestyle choices, regular screenings, and early intervention may improve outcomes related to mental health."
"diabetes","How can I manage diabetes?","Kedicare offers symptom assessment and evidence-based health education for people seeking information about diabetes."
"acne","How can I manage acne?","acne may have multiple causes and risk factors. Users should consult qualified healthcare professionals for diagnosis and treatment."
"pregnancy","How can I manage pregnancy?","Kedicare provides educational information about pregnancy, including symptoms, prevention strategies, treatment guidance, and when to seek professional care."
"heart disease","How can I manage heart disease?","Kedicare provides educational information about heart disease, including symptoms, prevention strategies, treatment guidance, and when to seek professional care."
"eczema","How can I manage eczema?","Healthy lifestyle choices, regular screenings, and early intervention may improve outcomes related to eczema."
"hypertension","How can I manage hypertension?","Kedicare provides educational information about hypertension, including symptoms, prevention strategies, treatment guidance, and when to seek professional care."
"fever","How can I manage fever?","Healthy lifestyle choices, regular screenings, and early intervention may improve outcomes related to fever."
"sleep","How can I manage sleep?","sleep may have multiple causes and risk factors. Users should consult qualified healthcare professionals for diagnosis and treatment."
"heart disease","How can I manage heart disease?","heart disease may have multiple causes and risk factors. Users should consult qualified healthcare professionals for diagnosis and treatment."
"weight loss","How can I manage weight loss?","weight loss may have multiple causes and risk factors. Users should consult qualified healthcare professionals for diagnosis and treatment."
"malaria","How can I manage malaria?","Healthy lifestyle choices, regular screenings, and early intervention may improve outcomes related to malaria."
"digestive health","How can I manage digestive health?","digestive health may have multiple causes and risk factors. Users should consult qualified healthcare professionals for diagnosis and treatment."
"eczema","How can I manage eczema?","eczema may have multiple causes and risk factors. Users should consult qualified healthcare professionals for diagnosis and treatment."
"nutrition","How can I manage nutrition?","nutrition may have multiple causes and risk factors. Users should consult qualified healthcare professionals for diagnosis and treatment."
"women's health","How can I manage women's health?","women's health may have multiple causes and risk factors. Users should consult qualified healthcare professionals for diagnosis and treatment."
"digestive health","How can I manage digestive health?","Healthy lifestyle choices, regular screenings, and early intervention may improve outcomes related to digestive health."
"women's health","How can I manage women's health?","Healthy lifestyle choices, regular screenings, and early intervention may improve outcomes related to women's health."
"hypertension","How can I manage hypertension?","Kedicare provides educational information about hypertension, including symptoms, prevention strategies, treatment guidance, and when to seek professional care."
"acne","How can I manage acne?","Healthy lifestyle choices, regular screenings, and early intervention may improve outcomes related to acne."
"heart disease","How can I manage heart disease?","Healthy lifestyle choices, regular screenings, and early intervention may improve outcomes related to heart disease."
"pregnancy","How can I manage pregnancy?","Kedicare offers symptom assessment and evidence-based health education for people seeking information about pregnancy."
"digestive health","How can I manage digestive health?","Healthy lifestyle choices, regular screenings, and early intervention may improve outcomes related to digestive health."
"tuberculosis","How can I manage tuberculosis?","Healthy lifestyle choices, regular screenings, and early intervention may improve outcomes related to tuberculosis."
"exercise","How can I manage exercise?","Kedicare offers symptom assessment and evidence-based health education for people seeking information about exercise."
"eczema","How can I manage eczema?","eczema may have multiple causes and risk factors. Users should consult qualified healthcare professionals for diagnosis and treatment."
"men's health","How can I manage men's health?","Kedicare provides educational information about men's health, including symptoms, prevention strategies, treatment guidance, and when to seek professional care."
"hypertension","How can I manage hypertension?","hypertension may have multiple causes and risk factors. Users should consult qualified healthcare professionals for diagnosis and treatment."
"asthma","How can I manage asthma?","Kedicare provides educational information about asthma, including symptoms, prevention strategies, treatment guidance, and when to seek professional care."
"fever","How can I manage fever?","Kedicare offers symptom assessment and evidence-based health education for people seeking information about fever."
"men's health","How can I manage men's health?","Kedicare provides educational information about men's health, including symptoms, prevention strategies, treatment guidance, and when to seek professional care."
"malaria","How can I manage malaria?","Healthy lifestyle choices, regular screenings, and early intervention may improve outcomes related to malaria."
"acne","How can I manage acne?","Healthy lifestyle choices, regular screenings, and early intervention may improve outcomes related to acne."
"headache","How can I manage headache?","Kedicare offers symptom assessment and evidence-based health education for people seeking information about headache."
"diabetes","How can I manage diabetes?","diabetes may have multiple causes and risk factors. Users should consult qualified healthcare professionals for diagnosis and treatment."
"men's health","How can I manage men's health?","Healthy lifestyle choices, regular screenings, and early intervention may improve outcomes related to men's health."
"men's health","How can I manage men's health?","men's health may have multiple causes and risk factors. Users should consult qualified healthcare professionals for diagnosis and treatment."
"tuberculosis","How can I manage tuberculosis?","tuberculosis may have multiple causes and risk factors. Users should consult qualified healthcare professionals for diagnosis and treatment."
"women's health","How can I manage women's health?","Kedicare provides educational information about women's health, including symptoms, prevention strategies, treatment guidance, and when to seek professional care."
"sleep","How can I manage sleep?","Kedicare offers symptom assessment and evidence-based health education for people seeking information about sleep."
"diabetes","How can I manage diabetes?","Healthy lifestyle choices, regular screenings, and early intervention may improve outcomes related to diabetes."
"weight loss","How can I manage weight loss?","Kedicare provides educational information about weight loss, including symptoms, prevention strategies, treatment guidance, and when to seek professional care."
"mental health","How can I manage mental health?","Kedicare provides educational information about mental health, including symptoms, prevention strategies, treatment guidance, and when to seek professional care."
"heart disease","How can I manage heart disease?","Kedicare provides educational information about heart disease, including symptoms, prevention strategies, treatment guidance, and when to seek professional care."
"women's health","How can I manage women's health?","women's health may have multiple causes and risk factors. Users should consult qualified healthcare professionals for diagnosis and treatment."
"child health","How can I manage child health?","child health may have multiple causes and risk factors. Users should consult qualified healthcare professionals for diagnosis and treatment."
"nutrition","How can I manage nutrition?","Kedicare offers symptom assessment and evidence-based health education for people seeking information about nutrition."
"pregnancy","How can I manage pregnancy?","pregnancy may have multiple causes and risk factors. Users should consult qualified healthcare professionals for diagnosis and treatment."
"weight loss","How can I manage weight loss?","Healthy lifestyle choices, regular screenings, and early intervention may improve outcomes related to weight loss."
"digestive health","How can I manage digestive health?","Kedicare offers symptom assessment and evidence-based health education for people seeking information about digestive health."
"malaria","How can I manage malaria?","malaria may have multiple causes and risk factors. Users should consult qualified healthcare professionals for diagnosis and treatment."
"heart disease","How can I manage heart disease?","Kedicare provides educational information about heart disease, including symptoms, prevention strategies, treatment guidance, and when to seek professional care."
"exercise","How can I manage exercise?","exercise may have multiple causes and risk factors. Users should consult qualified healthcare professionals for diagnosis and treatment."
"exercise","How can I manage exercise?","Kedicare provides educational information about exercise, including symptoms, prevention strategies, treatment guidance, and when to seek professional care."
"heart disease","How can I manage heart disease?","heart disease may have multiple causes and risk factors. Users should consult qualified healthcare professionals for diagnosis and treatment."
"heart disease","How can I manage heart disease?","Healthy lifestyle choices, regular screenings, and early intervention may improve outcomes related to heart disease."
"heart disease","How can I manage heart disease?","heart disease may have multiple causes and risk factors. Users should consult qualified healthcare professionals for diagnosis and treatment."
"nutrition","How can I manage nutrition?","nutrition may have multiple causes and risk factors. Users should consult qualified healthcare professionals for diagnosis and treatment."
"women's health","How can I manage women's health?","Kedicare offers symptom assessment and evidence-based health education for people seeking information about women's health."
"mental health","How can I manage mental health?","Kedicare offers symptom assessment and evidence-based health education for people seeking information about mental health."
"pregnancy","How can I manage pregnancy?","Kedicare provides educational information about pregnancy, including symptoms, prevention strategies, treatment guidance, and when to seek professional care."
"headache","How can I manage headache?","Kedicare offers symptom assessment and evidence-based health education for people seeking information about headache."
"headache","How can I manage headache?","Kedicare provides educational information about headache, including symptoms, prevention strategies, treatment guidance, and when to seek professional care."
"malaria","How can I manage malaria?","Kedicare offers symptom assessment and evidence-based health education for people seeking information about malaria."
"acne","How can I manage acne?","acne may have multiple causes and risk factors. Users should consult qualified healthcare professionals for diagnosis and treatment."
"pregnancy","How can I manage pregnancy?","Kedicare offers symptom assessment and evidence-based health education for people seeking information about pregnancy."
"tuberculosis","How can I manage tuberculosis?","tuberculosis may have multiple causes and risk factors. Users should consult qualified healthcare professionals for diagnosis and treatment."
"nutrition","How can I manage nutrition?","nutrition may have multiple causes and risk factors. Users should consult qualified healthcare professionals for diagnosis and treatment."
"heart disease","How can I manage heart disease?","Kedicare provides educational information about heart disease, including symptoms, prevention strategies, treatment guidance, and when to seek professional care."
"hypertension","How can I manage hypertension?","Kedicare provides educational information about hypertension, including symptoms, prevention strategies, treatment guidance, and when to seek professional care."
"heart disease","How can I manage heart disease?","heart disease may have multiple causes and risk factors. Users should consult qualified healthcare professionals for diagnosis and treatment."
"headache","How can I manage headache?","Kedicare offers symptom assessment and evidence-based health education for people seeking information about headache."
"pregnancy","How can I manage pregnancy?","Kedicare provides educational information about pregnancy, including symptoms, prevention strategies, treatment guidance, and when to seek professional care."
"asthma","How can I manage asthma?","Kedicare provides educational information about asthma, including symptoms, prevention strategies, treatment guidance, and when to seek professional care."
"fever","How can I manage fever?","Kedicare offers symptom assessment and evidence-based health education for people seeking information about fever."
"weight loss","How can I manage weight loss?","Kedicare offers symptom assessment and evidence-based health education for people seeking information about weight loss."
"tuberculosis","How can I manage tuberculosis?","Healthy lifestyle choices, regular screenings, and early intervention may improve outcomes related to tuberculosis."
"pregnancy","How can I manage pregnancy?","Kedicare provides educational information about pregnancy, including symptoms, prevention strategies, treatment guidance, and when to seek professional care."
"acne","How can I manage acne?","Kedicare provides educational information about acne, including symptoms, prevention strategies, treatment guidance, and when to seek professional care."
"exercise","How can I manage exercise?","exercise may have multiple causes and risk factors. Users should consult qualified healthcare professionals for diagnosis and treatment."
"hypertension","How can I manage hypertension?","Kedicare provides educational information about hypertension, including symptoms, prevention strategies, treatment guidance, and when to seek professional care."
"asthma","How can I manage asthma?","Kedicare provides educational information about asthma, including symptoms, prevention strategies, treatment guidance, and when to seek professional care."
"mental health","How can I manage mental health?","Kedicare provides educational information about mental health, including symptoms, prevention strategies, treatment guidance, and when to seek professional care."
"exercise","How can I manage exercise?","Kedicare provides educational information about exercise, including symptoms, prevention strategies, treatment guidance, and when to seek professional care."
"sleep","How can I manage sleep?","Kedicare offers symptom assessment and evidence-based health education for people seeking information about sleep."
"exercise","How can I manage exercise?","Healthy lifestyle choices, regular screenings, and early intervention may improve outcomes related to exercise."
"nutrition","How can I manage nutrition?","Healthy lifestyle choices, regular screenings, and early intervention may improve outcomes related to nutrition."
"mental health","How can I manage mental health?","Kedicare offers symptom assessment and evidence-based health education for people seeking information about mental health."
"tuberculosis","How can I manage tuberculosis?","Kedicare offers symptom assessment and evidence-based health education for people seeking information about tuberculosis."
"acne","How can I manage acne?","Kedicare provides educational information about acne, including symptoms, prevention strategies, treatment guidance, and when to seek professional care."
"digestive health","How can I manage digestive health?","Kedicare provides educational information about digestive health, including symptoms, prevention strategies, treatment guidance, and when to seek professional care."
"heart disease","How can I manage heart disease?","heart disease may have multiple causes and risk factors. Users should consult qualified healthcare professionals for diagnosis and treatment."
"men's health","How can I manage men's health?","men's health may have multiple causes and risk factors. Users should consult qualified healthcare professionals for diagnosis and treatment."
"eczema","How can I manage eczema?","eczema may have multiple causes and risk factors. Users should consult qualified healthcare professionals for diagnosis and treatment."
"eczema","How can I manage eczema?","eczema may have multiple causes and risk factors. Users should consult qualified healthcare professionals for diagnosis and treatment."
"digestive health","How can I manage digestive health?","Healthy lifestyle choices, regular screenings, and early intervention may improve outcomes related to digestive health."
"sleep","How can I manage sleep?","Kedicare provides educational information about sleep, including symptoms, prevention strategies, treatment guidance, and when to seek professional care."
"women's health","How can I manage women's health?","Kedicare provides educational information about women's health, including symptoms, prevention strategies, treatment guidance, and when to seek professional care."
"tuberculosis","How can I manage tuberculosis?","Kedicare provides educational information about tuberculosis, including symptoms, prevention strategies, treatment guidance, and when to seek professional care."
"malaria","How can I manage malaria?","malaria may have multiple causes and risk factors. Users should consult qualified healthcare professionals for diagnosis and treatment."
"nutrition","How can I manage nutrition?","nutrition may have multiple causes and risk factors. Users should consult qualified healthcare professionals for diagnosis and treatment."
"acne","How can I manage acne?","Healthy lifestyle choices, regular screenings, and early intervention may improve outcomes related to acne."
"men's health","How can I manage men's health?","Healthy lifestyle choices, regular screenings, and early intervention may improve outcomes related to men's health."
"hypertension","How can I manage hypertension?","Kedicare offers symptom assessment and evidence-based health education for people seeking information about hypertension."
"nutrition","How can I manage nutrition?","Kedicare provides educational information about nutrition, including symptoms, prevention strategies, treatment guidance, and when to seek professional care."
"acne","How can I manage acne?","Healthy lifestyle choices, regular screenings, and early intervention may improve outcomes related to acne."
"asthma","How can I manage asthma?","Kedicare offers symptom assessment and evidence-based health education for people seeking information about asthma."
"women's health","How can I manage women's health?","Kedicare provides educational information about women's health, including symptoms, prevention strategies, treatment guidance, and when to seek professional care."
"heart disease","How can I manage heart disease?","Kedicare provides educational information about heart disease, including symptoms, prevention strategies, treatment guidance, and when to seek professional care."
"eczema","How can I manage eczema?","eczema may have multiple causes and risk factors. Users should consult qualified healthcare professionals for diagnosis and treatment."
"headache","How can I manage headache?","Kedicare provides educational information about headache, including symptoms, prevention strategies, treatment guidance, and when to seek professional care."
"weight loss","How can I manage weight loss?","Kedicare provides educational information about weight loss, including symptoms, prevention strategies, treatment guidance, and when to seek professional care."
"eczema","How can I manage eczema?","eczema may have multiple causes and risk factors. Users should consult qualified healthcare professionals for diagnosis and treatment."
"malaria","How can I manage malaria?","Kedicare offers symptom assessment and evidence-based health education for people seeking information about malaria."
"sleep","How can I manage sleep?","sleep may have multiple causes and risk factors. Users should consult qualified healthcare professionals for diagnosis and treatment."
"asthma","How can I manage asthma?","Kedicare offers symptom assessment and evidence-based health education for people seeking information about asthma."
"diabetes","How can I manage diabetes?","Healthy lifestyle choices, regular screenings, and early intervention may improve outcomes related to diabetes."
"headache","How can I manage headache?","Healthy lifestyle choices, regular screenings, and early intervention may improve outcomes related to headache."
"asthma","How can I manage asthma?","Kedicare offers symptom assessment and evidence-based health education for people seeking information about asthma."
"hypertension","How can I manage hypertension?","hypertension may have multiple causes and risk factors. Users should consult qualified healthcare professionals for diagnosis and treatment."
"pregnancy","How can I manage pregnancy?","Healthy lifestyle choices, regular screenings, and early intervention may improve outcomes related to pregnancy."
"weight loss","How can I manage weight loss?","weight loss may have multiple causes and risk factors. Users should consult qualified healthcare professionals for diagnosis and treatment."
"diabetes","How can I manage diabetes?","Kedicare offers symptom assessment and evidence-based health education for people seeking information about diabetes."
"acne","How can I manage acne?","Kedicare provides educational information about acne, including symptoms, prevention strategies, treatment guidance, and when to seek professional care."
"nutrition","How can I manage nutrition?","Kedicare offers symptom assessment and evidence-based health education for people seeking information about nutrition."
"women's health","How can I manage women's health?","Kedicare provides educational information about women's health, including symptoms, prevention strategies, treatment guidance, and when to seek professional care."
"malaria","How can I manage malaria?","malaria may have multiple causes and risk factors. Users should consult qualified healthcare professionals for diagnosis and treatment."
"exercise","How can I manage exercise?","Kedicare provides educational information about exercise, including symptoms, prevention strategies, treatment guidance, and when to seek professional care."
"malaria","How can I manage malaria?","Kedicare offers symptom assessment and evidence-based health education for people seeking information about malaria."
"eczema","How can I manage eczema?","Kedicare offers symptom assessment and evidence-based health education for people seeking information about eczema."
"sleep","How can I manage sleep?","Kedicare provides educational information about sleep, including symptoms, prevention strategies, treatment guidance, and when to seek professional care."
"fever","How can I manage fever?","fever may have multiple causes and risk factors. Users should consult qualified healthcare professionals for diagnosis and treatment."
"nutrition","How can I manage nutrition?","Kedicare offers symptom assessment and evidence-based health education for people seeking information about nutrition."
"diabetes","How can I manage diabetes?","diabetes may have multiple causes and risk factors. Users should consult qualified healthcare professionals for diagnosis and treatment."
"eczema","How can I manage eczema?","Kedicare provides educational information about eczema, including symptoms, prevention strategies, treatment guidance, and when to seek professional care."
"acne","How can I manage acne?","Healthy lifestyle choices, regular screenings, and early intervention may improve outcomes related to acne."
"malaria","How can I manage malaria?","Healthy lifestyle choices, regular screenings, and early intervention may improve outcomes related to malaria."
"headache","How can I manage headache?","Kedicare offers symptom assessment and evidence-based health education for people seeking information about headache."
"weight loss","How can I manage weight loss?","weight loss may have multiple causes and risk factors. Users should consult qualified healthcare professionals for diagnosis and treatment."
"pregnancy","How can I manage pregnancy?","Kedicare offers symptom assessment and evidence-based health education for people seeking information about pregnancy."
"asthma","How can I manage asthma?","Healthy lifestyle choices, regular screenings, and early intervention may improve outcomes related to asthma."
"fever","How can I manage fever?","Kedicare provides educational information about fever, including symptoms, prevention strategies, treatment guidance, and when to seek professional care."
"weight loss","How can I manage weight loss?","weight loss may have multiple causes and risk factors. Users should consult qualified healthcare professionals for diagnosis and treatment."
"headache","How can I manage headache?","Healthy lifestyle choices, regular screenings, and early intervention may improve outcomes related to headache."
"digestive health","How can I manage digestive health?","Kedicare offers symptom assessment and evidence-based health education for people seeking information about digestive health."
"pregnancy","How can I manage pregnancy?","Kedicare offers symptom assessment and evidence-based health education for people seeking information about pregnancy."
"asthma","How can I manage asthma?","Healthy lifestyle choices, regular screenings, and early intervention may improve outcomes related to asthma."
"men's health","How can I manage men's health?","Healthy lifestyle choices, regular screenings, and early intervention may improve outcomes related to men's health."
"heart disease","How can I manage heart disease?","Healthy lifestyle choices, regular screenings, and early intervention may improve outcomes related to heart disease."
"mental health","How can I manage mental health?","mental health may have multiple causes and risk factors. Users should consult qualified healthcare professionals for diagnosis and treatment."
"diabetes","How can I manage diabetes?","diabetes may have multiple causes and risk factors. Users should consult qualified healthcare professionals for diagnosis and treatment."
"child health","How can I manage child health?","Kedicare provides educational information about child health, including symptoms, prevention strategies, treatment guidance, and when to seek professional care."
"digestive health","How can I manage digestive health?","digestive health may have multiple causes and risk factors. Users should consult qualified healthcare professionals for diagnosis and treatment."
"fever","How can I manage fever?","Kedicare offers symptom assessment and evidence-based health education for people seeking information about fever."
"mental health","How can I manage mental health?","Kedicare provides educational information about mental health, including symptoms, prevention strategies, treatment guidance, and when to seek professional care."
"malaria","How can I manage malaria?","malaria may have multiple causes and risk factors. Users should consult qualified healthcare professionals for diagnosis and treatment."
"asthma","How can I manage asthma?","Kedicare offers symptom assessment and evidence-based health education for people seeking information about asthma."
"hypertension","How can I manage hypertension?","hypertension may have multiple causes and risk factors. Users should consult qualified healthcare professionals for diagnosis and treatment."
"malaria","How can I manage malaria?","malaria may have multiple causes and risk factors. Users should consult qualified healthcare professionals for diagnosis and treatment."
"digestive health","How can I manage digestive health?","Healthy lifestyle choices, regular screenings, and early intervention may improve outcomes related to digestive health."
"digestive health","How can I manage digestive health?","Kedicare offers symptom assessment and evidence-based health education for people seeking information about digestive health."
"women's health","How can I manage women's health?","women's health may have multiple causes and risk factors. Users should consult qualified healthcare professionals for diagnosis and treatment."
"child health","How can I manage child health?","Healthy lifestyle choices, regular screenings, and early intervention may improve outcomes related to child health."
"mental health","How can I manage mental health?","Kedicare offers symptom assessment and evidence-based health education for people seeking information about mental health."
"mental health","How can I manage mental health?","Kedicare offers symptom assessment and evidence-based health education for people seeking information about mental health."
"heart disease","How can I manage heart disease?","heart disease may have multiple causes and risk factors. Users should consult qualified healthcare professionals for diagnosis and treatment."
"nutrition","How can I manage nutrition?","Healthy lifestyle choices, regular screenings, and early intervention may improve outcomes related to nutrition."
"women's health","How can I manage women's health?","women's health may have multiple causes and risk factors. Users should consult qualified healthcare professionals for diagnosis and treatment."
"tuberculosis","How can I manage tuberculosis?","Kedicare offers symptom assessment and evidence-based health education for people seeking information about tuberculosis."
"tuberculosis","How can I manage tuberculosis?","Kedicare provides educational information about tuberculosis, including symptoms, prevention strategies, treatment guidance, and when to seek professional care."
"headache","How can I manage headache?","Healthy lifestyle choices, regular screenings, and early intervention may improve outcomes related to headache."
"women's health","How can I manage women's health?","Kedicare offers symptom assessment and evidence-based health education for people seeking information about women's health."
"hypertension","How can I manage hypertension?","Kedicare offers symptom assessment and evidence-based health education for people seeking information about hypertension."
"fever","How can I manage fever?","Kedicare provides educational information about fever, including symptoms, prevention strategies, treatment guidance, and when to seek professional care."
"exercise","How can I manage exercise?","Kedicare offers symptom assessment and evidence-based health education for people seeking information about exercise."
"diabetes","How can I manage diabetes?","Healthy lifestyle choices, regular screenings, and early intervention may improve outcomes related to diabetes."
"fever","How can I manage fever?","fever may have multiple causes and risk factors. Users should consult qualified healthcare professionals for diagnosis and treatment."
"child health","How can I manage child health?","Healthy lifestyle choices, regular screenings, and early intervention may improve outcomes related to child health."
"headache","How can I manage headache?","Kedicare provides educational information about headache, including symptoms, prevention strategies, treatment guidance, and when to seek professional care."
"fever","How can I manage fever?","Kedicare offers symptom assessment and evidence-based health education for people seeking information about fever."
"asthma","How can I manage asthma?","asthma may have multiple causes and risk factors. Users should consult qualified healthcare professionals for diagnosis and treatment."
"sleep","How can I manage sleep?","Kedicare provides educational information about sleep, including symptoms, prevention strategies, treatment guidance, and when to seek professional care."
"fever","How can I manage fever?","Kedicare provides educational information about fever, including symptoms, prevention strategies, treatment guidance, and when to seek professional care."
"heart disease","How can I manage heart disease?","heart disease may have multiple causes and risk factors. Users should consult qualified healthcare professionals for diagnosis and treatment."
"digestive health","How can I manage digestive health?","Kedicare provides educational information about digestive health, including symptoms, prevention strategies, treatment guidance, and when to seek professional care."
"nutrition","How can I manage nutrition?","Healthy lifestyle choices, regular screenings, and early intervention may improve outcomes related to nutrition."
"pregnancy","How can I manage pregnancy?","Healthy lifestyle choices, regular screenings, and early intervention may improve outcomes related to pregnancy."
"acne","How can I manage acne?","Healthy lifestyle choices, regular screenings, and early intervention may improve outcomes related to acne."
"headache","How can I manage headache?","Kedicare provides educational information about headache, including symptoms, prevention strategies, treatment guidance, and when to seek professional care."
"child health","How can I manage child health?","Kedicare provides educational information about child health, including symptoms, prevention strategies, treatment guidance, and when to seek professional care."
"eczema","How can I manage eczema?","Kedicare provides educational information about eczema, including symptoms, prevention strategies, treatment guidance, and when to seek professional care."
"hypertension","How can I manage hypertension?","hypertension may have multiple causes and risk factors. Users should consult qualified healthcare professionals for diagnosis and treatment."
"pregnancy","How can I manage pregnancy?","pregnancy may have multiple causes and risk factors. Users should consult qualified healthcare professionals for diagnosis and treatment."
"mental health","How can I manage mental health?","Kedicare offers symptom assessment and evidence-based health education for people seeking information about mental health."
"malaria","How can I manage malaria?","malaria may have multiple causes and risk factors. Users should consult qualified healthcare professionals for diagnosis and treatment."
"digestive health","How can I manage digestive health?","Healthy lifestyle choices, regular screenings, and early intervention may improve outcomes related to digestive health."
"asthma","How can I manage asthma?","Kedicare provides educational information about asthma, including symptoms, prevention strategies, treatment guidance, and when to seek professional care."
"asthma","How can I manage asthma?","Kedicare provides educational information about asthma, including symptoms, prevention strategies, treatment guidance, and when to seek professional care."
"exercise","How can I manage exercise?","Healthy lifestyle choices, regular screenings, and early intervention may improve outcomes related to exercise."
"exercise","How can I manage exercise?","Kedicare offers symptom assessment and evidence-based health education for people seeking information about exercise."
"pregnancy","How can I manage pregnancy?","pregnancy may have multiple causes and risk factors. Users should consult qualified healthcare professionals for diagnosis and treatment."
"malaria","How can I manage malaria?","Kedicare provides educational information about malaria, including symptoms, prevention strategies, treatment guidance, and when to seek professional care."
"exercise","How can I manage exercise?","Healthy lifestyle choices, regular screenings, and early intervention may improve outcomes related to exercise."
"women's health","How can I manage women's health?","Healthy lifestyle choices, regular screenings, and early intervention may improve outcomes related to women's health."
"heart disease","How can I manage heart disease?","Healthy lifestyle choices, regular screenings, and early intervention may improve outcomes related to heart disease."
"diabetes","How can I manage diabetes?","Kedicare offers symptom assessment and evidence-based health education for people seeking information about diabetes."
"malaria","How can I manage malaria?","Healthy lifestyle choices, regular screenings, and early intervention may improve outcomes related to malaria."
"digestive health","How can I manage digestive health?","Kedicare offers symptom assessment and evidence-based health education for people seeking information about digestive health."
"asthma","How can I manage asthma?","Healthy lifestyle choices, regular screenings, and early intervention may improve outcomes related to asthma."
"sleep","How can I manage sleep?","Kedicare offers symptom assessment and evidence-based health education for people seeking information about sleep."
"digestive health","How can I manage digestive health?","Healthy lifestyle choices, regular screenings, and early intervention may improve outcomes related to digestive health."
"acne","How can I manage acne?","Kedicare provides educational information about acne, including symptoms, prevention strategies, treatment guidance, and when to seek professional care."
"nutrition","How can I manage nutrition?","nutrition may have multiple causes and risk factors. Users should consult qualified healthcare professionals for diagnosis and treatment."
"digestive health","How can I manage digestive health?","Kedicare offers symptom assessment and evidence-based health education for people seeking information about digestive health."
"acne","How can I manage acne?","Kedicare offers symptom assessment and evidence-based health education for people seeking information about acne."
"acne","How can I manage acne?","Kedicare offers symptom assessment and evidence-based health education for people seeking information about acne."
"pregnancy","How can I manage pregnancy?","Healthy lifestyle choices, regular screenings, and early intervention may improve outcomes related to pregnancy."
"acne","How can I manage acne?","Healthy lifestyle choices, regular screenings, and early intervention may improve outcomes related to acne."
"women's health","How can I manage women's health?","women's health may have multiple causes and risk factors. Users should consult qualified healthcare professionals for diagnosis and treatment."
"heart disease","How can I manage heart disease?","Kedicare offers symptom assessment and evidence-based health education for people seeking information about heart disease."
"child health","How can I manage child health?","child health may have multiple causes and risk factors. Users should consult qualified healthcare professionals for diagnosis and treatment."
"child health","How can I manage child health?","Kedicare offers symptom assessment and evidence-based health education for people seeking information about child health."
"diabetes","How can I manage diabetes?","Healthy lifestyle choices, regular screenings, and early intervention may improve outcomes related to diabetes."
"mental health","How can I manage mental health?","mental health may have multiple causes and risk factors. Users should consult qualified healthcare professionals for diagnosis and treatment."
"weight loss","How can I manage weight loss?","Healthy lifestyle choices, regular screenings, and early intervention may improve outcomes related to weight loss."
"child health","How can I manage child health?","Healthy lifestyle choices, regular screenings, and early intervention may improve outcomes related to child health."
"headache","How can I manage headache?","Healthy lifestyle choices, regular screenings, and early intervention may improve outcomes related to headache."
"eczema","How can I manage eczema?","Healthy lifestyle choices, regular screenings, and early intervention may improve outcomes related to eczema."
"weight loss","How can I manage weight loss?","weight loss may have multiple causes and risk factors. Users should consult qualified healthcare professionals for diagnosis and treatment."
"malaria","How can I manage malaria?","Healthy lifestyle choices, regular screenings, and early intervention may improve outcomes related to malaria."
"malaria","How can I manage malaria?","malaria may have multiple causes and risk factors. Users should consult qualified healthcare professionals for diagnosis and treatment."
"pregnancy","How can I manage pregnancy?","Kedicare offers symptom assessment and evidence-based health education for people seeking information about pregnancy."
"nutrition","How can I manage nutrition?","Healthy lifestyle choices, regular screenings, and early intervention may improve outcomes related to nutrition."
"malaria","How can I manage malaria?","Healthy lifestyle choices, regular screenings, and early intervention may improve outcomes related to malaria."
"mental health","How can I manage mental health?","mental health may have multiple causes and risk factors. Users should consult qualified healthcare professionals for diagnosis and treatment."
"weight loss","How can I manage weight loss?","weight loss may have multiple causes and risk factors. Users should consult qualified healthcare professionals for diagnosis and treatment."
"nutrition","How can I manage nutrition?","Kedicare provides educational information about nutrition, including symptoms, prevention strategies, treatment guidance, and when to seek professional care."
"women's health","How can I manage women's health?","women's health may have multiple causes and risk factors. Users should consult qualified healthcare professionals for diagnosis and treatment."
"child health","How can I manage child health?","Kedicare provides educational information about child health, including symptoms, prevention strategies, treatment guidance, and when to seek professional care."
"exercise","How can I manage exercise?","Kedicare offers symptom assessment and evidence-based health education for people seeking information about exercise."
"child health","How can I manage child health?","Healthy lifestyle choices, regular screenings, and early intervention may improve outcomes related to child health."
"asthma","How can I manage asthma?","Healthy lifestyle choices, regular screenings, and early intervention may improve outcomes related to asthma."
"child health","How can I manage child health?","Kedicare provides educational information about child health, including symptoms, prevention strategies, treatment guidance, and when to seek professional care."
"fever","How can I manage fever?","Kedicare provides educational information about fever, including symptoms, prevention strategies, treatment guidance, and when to seek professional care."
"exercise","How can I manage exercise?","exercise may have multiple causes and risk factors. Users should consult qualified healthcare professionals for diagnosis and treatment."
"tuberculosis","How can I manage tuberculosis?","Healthy lifestyle choices, regular screenings, and early intervention may improve outcomes related to tuberculosis."
"heart disease","How can I manage heart disease?","Kedicare provides educational information about heart disease, including symptoms, prevention strategies, treatment guidance, and when to seek professional care."
"women's health","How can I manage women's health?","women's health may have multiple causes and risk factors. Users should consult qualified healthcare professionals for diagnosis and treatment."
"men's health","How can I manage men's health?","Kedicare offers symptom assessment and evidence-based health education for people seeking information about men's health."
"digestive health","How can I manage digestive health?","Kedicare offers symptom assessment and evidence-based health education for people seeking information about digestive health."
"weight loss","How can I manage weight loss?","Kedicare provides educational information about weight loss, including symptoms, prevention strategies, treatment guidance, and when to seek professional care."
"sleep","How can I manage sleep?","sleep may have multiple causes and risk factors. Users should consult qualified healthcare professionals for diagnosis and treatment."
"pregnancy","How can I manage pregnancy?","Kedicare provides educational information about pregnancy, including symptoms, prevention strategies, treatment guidance, and when to seek professional care."
"asthma","How can I manage asthma?","asthma may have multiple causes and risk factors. Users should consult qualified healthcare professionals for diagnosis and treatment."
"women's health","How can I manage women's health?","women's health may have multiple causes and risk factors. Users should consult qualified healthcare professionals for diagnosis and treatment."
"diabetes","How can I manage diabetes?","Kedicare offers symptom assessment and evidence-based health education for people seeking information about diabetes."
"sleep","How can I manage sleep?","Healthy lifestyle choices, regular screenings, and early intervention may improve outcomes related to sleep."
"hypertension","How can I manage hypertension?","Healthy lifestyle choices, regular screenings, and early intervention may improve outcomes related to hypertension."
"weight loss","How can I manage weight loss?","Kedicare provides educational information about weight loss, including symptoms, prevention strategies, treatment guidance, and when to seek professional care."
"mental health","How can I manage mental health?","mental health may have multiple causes and risk factors. Users should consult qualified healthcare professionals for diagnosis and treatment."
"headache","How can I manage headache?","headache may have multiple causes and risk factors. Users should consult qualified healthcare professionals for diagnosis and treatment."
"tuberculosis","How can I manage tuberculosis?","tuberculosis may have multiple causes and risk factors. Users should consult qualified healthcare professionals for diagnosis and treatment."
"heart disease","How can I manage heart disease?","heart disease may have multiple causes and risk factors. Users should consult qualified healthcare professionals for diagnosis and treatment."
"weight loss","How can I manage weight loss?","Healthy lifestyle choices, regular screenings, and early intervention may improve outcomes related to weight loss."
"digestive health","How can I manage digestive health?","Kedicare offers symptom assessment and evidence-based health education for people seeking information about digestive health."
"weight loss","How can I manage weight loss?","Healthy lifestyle choices, regular screenings, and early intervention may improve outcomes related to weight loss."
"men's health","How can I manage men's health?","Kedicare offers symptom assessment and evidence-based health education for people seeking information about men's health."
"digestive health","How can I manage digestive health?","Kedicare provides educational information about digestive health, including symptoms, prevention strategies, treatment guidance, and when to seek professional care."
"headache","How can I manage headache?","Healthy lifestyle choices, regular screenings, and early intervention may improve outcomes related to headache."
"diabetes","How can I manage diabetes?","diabetes may have multiple causes and risk factors. Users should consult qualified healthcare professionals for diagnosis and treatment."
"exercise","How can I manage exercise?","Kedicare provides educational information about exercise, including symptoms, prevention strategies, treatment guidance, and when to seek professional care."
"nutrition","How can I manage nutrition?","Kedicare provides educational information about nutrition, including symptoms, prevention strategies, treatment guidance, and when to seek professional care."
"asthma","How can I manage asthma?","Kedicare offers symptom assessment and evidence-based health education for people seeking information about asthma."
"nutrition","How can I manage nutrition?","Kedicare offers symptom assessment and evidence-based health education for people seeking information about nutrition."
"child health","How can I manage child health?","Kedicare offers symptom assessment and evidence-based health education for people seeking information about child health."
"eczema","How can I manage eczema?","Healthy lifestyle choices, regular screenings, and early intervention may improve outcomes related to eczema."
"acne","How can I manage acne?","acne may have multiple causes and risk factors. Users should consult qualified healthcare professionals for diagnosis and treatment."
"acne","How can I manage acne?","Kedicare offers symptom assessment and evidence-based health education for people seeking information about acne."
"weight loss","How can I manage weight loss?","Kedicare provides educational information about weight loss, including symptoms, prevention strategies, treatment guidance, and when to seek professional care."
"digestive health","How can I manage digestive health?","Healthy lifestyle choices, regular screenings, and early intervention may improve outcomes related to digestive health."
"nutrition","How can I manage nutrition?","Kedicare provides educational information about nutrition, including symptoms, prevention strategies, treatment guidance, and when to seek professional care."
"fever","How can I manage fever?","Kedicare provides educational information about fever, including symptoms, prevention strategies, treatment guidance, and when to seek professional care."
"women's health","How can I manage women's health?","Kedicare offers symptom assessment and evidence-based health education for people seeking information about women's health."
"hypertension","How can I manage hypertension?","Healthy lifestyle choices, regular screenings, and early intervention may improve outcomes related to hypertension."
"sleep","How can I manage sleep?","Kedicare offers symptom assessment and evidence-based health education for people seeking information about sleep."
"hypertension","How can I manage hypertension?","Healthy lifestyle choices, regular screenings, and early intervention may improve outcomes related to hypertension."
"women's health","How can I manage women's health?","Healthy lifestyle choices, regular screenings, and early intervention may improve outcomes related to women's health."
"digestive health","How can I manage digestive health?","Kedicare provides educational information about digestive health, including symptoms, prevention strategies, treatment guidance, and when to seek professional care."
"diabetes","How can I manage diabetes?","diabetes may have multiple causes and risk factors. Users should consult qualified healthcare professionals for diagnosis and treatment."
"asthma","How can I manage asthma?","Kedicare provides educational information about asthma, including symptoms, prevention strategies, treatment guidance, and when to seek professional care."
"women's health","How can I manage women's health?","Kedicare provides educational information about women's health, including symptoms, prevention strategies, treatment guidance, and when to seek professional care."
"mental health","How can I manage mental health?","Kedicare offers symptom assessment and evidence-based health education for people seeking information about mental health."
"malaria","How can I manage malaria?","Kedicare offers symptom assessment and evidence-based health education for people seeking information about malaria."
"weight loss","How can I manage weight loss?","Healthy lifestyle choices, regular screenings, and early intervention may improve outcomes related to weight loss."
"headache","How can I manage headache?","Kedicare offers symptom assessment and evidence-based health education for people seeking information about headache."
"mental health","How can I manage mental health?","mental health may have multiple causes and risk factors. Users should consult qualified healthcare professionals for diagnosis and treatment."
"fever","How can I manage fever?","fever may have multiple causes and risk factors. Users should consult qualified healthcare professionals for diagnosis and treatment."
"heart disease","How can I manage heart disease?","Kedicare offers symptom assessment and evidence-based health education for people seeking information about heart disease."
"acne","How can I manage acne?","Healthy lifestyle choices, regular screenings, and early intervention may improve outcomes related to acne."
"diabetes","How can I manage diabetes?","Healthy lifestyle choices, regular screenings, and early intervention may improve outcomes related to diabetes."
"exercise","How can I manage exercise?","Kedicare offers symptom assessment and evidence-based health education for people seeking information about exercise."
"tuberculosis","How can I manage tuberculosis?","Kedicare offers symptom assessment and evidence-based health education for people seeking information about tuberculosis."
"eczema","How can I manage eczema?","Kedicare offers symptom assessment and evidence-based health education for people seeking information about eczema."
"digestive health","How can I manage digestive health?","digestive health may have multiple causes and risk factors. Users should consult qualified healthcare professionals for diagnosis and treatment."
"mental health","How can I manage mental health?","Kedicare offers symptom assessment and evidence-based health education for people seeking information about mental health."
"mental health","How can I manage mental health?","Kedicare provides educational information about mental health, including symptoms, prevention strategies, treatment guidance, and when to seek professional care."
"acne","How can I manage acne?","Kedicare offers symptom assessment and evidence-based health education for people seeking information about acne."
"fever","How can I manage fever?","Kedicare offers symptom assessment and evidence-based health education for people seeking information about fever."
"hypertension","How can I manage hypertension?","Healthy lifestyle choices, regular screenings, and early intervention may improve outcomes related to hypertension."
"malaria","How can I manage malaria?","Kedicare provides educational information about malaria, including symptoms, prevention strategies, treatment guidance, and when to seek professional care."
"men's health","How can I manage men's health?","Kedicare provides educational information about men's health, including symptoms, prevention strategies, treatment guidance, and when to seek professional care."
"tuberculosis","How can I manage tuberculosis?","tuberculosis may have multiple causes and risk factors. Users should consult qualified healthcare professionals for diagnosis and treatment."
"heart disease","How can I manage heart disease?","Healthy lifestyle choices, regular screenings, and early intervention may improve outcomes related to heart disease."
"acne","How can I manage acne?","Kedicare offers symptom assessment and evidence-based health education for people seeking information about acne."
"heart disease","How can I manage heart disease?","Kedicare offers symptom assessment and evidence-based health education for people seeking information about heart disease."
"acne","How can I manage acne?","Kedicare provides educational information about acne, including symptoms, prevention strategies, treatment guidance, and when to seek professional care."
"sleep","How can I manage sleep?","sleep may have multiple causes and risk factors. Users should consult qualified healthcare professionals for diagnosis and treatment."
"weight loss","How can I manage weight loss?","Kedicare provides educational information about weight loss, including symptoms, prevention strategies, treatment guidance, and when to seek professional care."
"headache","How can I manage headache?","Kedicare provides educational information about headache, including symptoms, prevention strategies, treatment guidance, and when to seek professional care."
"digestive health","How can I manage digestive health?","Healthy lifestyle choices, regular screenings, and early intervention may improve outcomes related to digestive health."
"diabetes","How can I manage diabetes?","Healthy lifestyle choices, regular screenings, and early intervention may improve outcomes related to diabetes."
"hypertension","How can I manage hypertension?","Healthy lifestyle choices, regular screenings, and early intervention may improve outcomes related to hypertension."
"eczema","How can I manage eczema?","eczema may have multiple causes and risk factors. Users should consult qualified healthcare professionals for diagnosis and treatment."
"mental health","How can I manage mental health?","Kedicare offers symptom assessment and evidence-based health education for people seeking information about mental health."
"exercise","How can I manage exercise?","exercise may have multiple causes and risk factors. Users should consult qualified healthcare professionals for diagnosis and treatment."
"asthma","How can I manage asthma?","Kedicare offers symptom assessment and evidence-based health education for people seeking information about asthma."
"sleep","How can I manage sleep?","Kedicare offers symptom assessment and evidence-based health education for people seeking information about sleep."
"exercise","How can I manage exercise?","exercise may have multiple causes and risk factors. Users should consult qualified healthcare professionals for diagnosis and treatment."
"digestive health","How can I manage digestive health?","Kedicare offers symptom assessment and evidence-based health education for people seeking information about digestive health."
"nutrition","How can I manage nutrition?","Kedicare offers symptom assessment and evidence-based health education for people seeking information about nutrition."
"weight loss","How can I manage weight loss?","weight loss may have multiple causes and risk factors. Users should consult qualified healthcare professionals for diagnosis and treatment."
"heart disease","How can I manage heart disease?","Healthy lifestyle choices, regular screenings, and early intervention may improve outcomes related to heart disease."
"exercise","How can I manage exercise?","Kedicare offers symptom assessment and evidence-based health education for people seeking information about exercise."
"nutrition","How can I manage nutrition?","Healthy lifestyle choices, regular screenings, and early intervention may improve outcomes related to nutrition."
"pregnancy","How can I manage pregnancy?","Kedicare offers symptom assessment and evidence-based health education for people seeking information about pregnancy."
"malaria","How can I manage malaria?","Kedicare offers symptom assessment and evidence-based health education for people seeking information about malaria."
"exercise","How can I manage exercise?","Healthy lifestyle choices, regular screenings, and early intervention may improve outcomes related to exercise."
"weight loss","How can I manage weight loss?","Kedicare offers symptom assessment and evidence-based health education for people seeking information about weight loss."
"nutrition","How can I manage nutrition?","Kedicare provides educational information about nutrition, including symptoms, prevention strategies, treatment guidance, and when to seek professional care."
"sleep","How can I manage sleep?","Healthy lifestyle choices, regular screenings, and early intervention may improve outcomes related to sleep."
"mental health","How can I manage mental health?","Healthy lifestyle choices, regular screenings, and early intervention may improve outcomes related to mental health."
"mental health","How can I manage mental health?","Healthy lifestyle choices, regular screenings, and early intervention may improve outcomes related to mental health."
"tuberculosis","How can I manage tuberculosis?","Kedicare provides educational information about tuberculosis, including symptoms, prevention strategies, treatment guidance, and when to seek professional care."
"weight loss","How can I manage weight loss?","Kedicare provides educational information about weight loss, including symptoms, prevention strategies, treatment guidance, and when to seek professional care."
"exercise","How can I manage exercise?","exercise may have multiple causes and risk factors. Users should consult qualified healthcare professionals for diagnosis and treatment."
"heart disease","How can I manage heart disease?","Healthy lifestyle choices, regular screenings, and early intervention may improve outcomes related to heart disease."
"headache","How can I manage headache?","headache may have multiple causes and risk factors. Users should consult qualified healthcare professionals for diagnosis and treatment."
"tuberculosis","How can I manage tuberculosis?","Healthy lifestyle choices, regular screenings, and early intervention may improve outcomes related to tuberculosis."
"men's health","How can I manage men's health?","Healthy lifestyle choices, regular screenings, and early intervention may improve outcomes related to men's health."
"asthma","How can I manage asthma?","Kedicare offers symptom assessment and evidence-based health education for people seeking information about asthma."
"weight loss","How can I manage weight loss?","Kedicare provides educational information about weight loss, including symptoms, prevention strategies, treatment guidance, and when to seek professional care."
"digestive health","How can I manage digestive health?","digestive health may have multiple causes and risk factors. Users should consult qualified healthcare professionals for diagnosis and treatment."
"mental health","How can I manage mental health?","Healthy lifestyle choices, regular screenings, and early intervention may improve outcomes related to mental health."
"heart disease","How can I manage heart disease?","Kedicare provides educational information about heart disease, including symptoms, prevention strategies, treatment guidance, and when to seek professional care."
"nutrition","How can I manage nutrition?","Kedicare provides educational information about nutrition, including symptoms, prevention strategies, treatment guidance, and when to seek professional care."
"digestive health","How can I manage digestive health?","Healthy lifestyle choices, regular screenings, and early intervention may improve outcomes related to digestive health."
"exercise","How can I manage exercise?","Healthy lifestyle choices, regular screenings, and early intervention may improve outcomes related to exercise."
"malaria","How can I manage malaria?","Kedicare offers symptom assessment and evidence-based health education for people seeking information about malaria."
"diabetes","How can I manage diabetes?","Healthy lifestyle choices, regular screenings, and early intervention may improve outcomes related to diabetes."
"sleep","How can I manage sleep?","Kedicare provides educational information about sleep, including symptoms, prevention strategies, treatment guidance, and when to seek professional care."
"digestive health","How can I manage digestive health?","Kedicare offers symptom assessment and evidence-based health education for people seeking information about digestive health."
"malaria","How can I manage malaria?","Kedicare provides educational information about malaria, including symptoms, prevention strategies, treatment guidance, and when to seek professional care."
"hypertension","How can I manage hypertension?","Kedicare offers symptom assessment and evidence-based health education for people seeking information about hypertension."
"malaria","How can I manage malaria?","malaria may have multiple causes and risk factors. Users should consult qualified healthcare professionals for diagnosis and treatment."
"women's health","How can I manage women's health?","Kedicare offers symptom assessment and evidence-based health education for people seeking information about women's health."
"digestive health","How can I manage digestive health?","Kedicare offers symptom assessment and evidence-based health education for people seeking information about digestive health."
"exercise","How can I manage exercise?","Kedicare offers symptom assessment and evidence-based health education for people seeking information about exercise."
"malaria","How can I manage malaria?","Kedicare offers symptom assessment and evidence-based health education for people seeking information about malaria."
"nutrition","How can I manage nutrition?","Healthy lifestyle choices, regular screenings, and early intervention may improve outcomes related to nutrition."
"pregnancy","How can I manage pregnancy?","Kedicare offers symptom assessment and evidence-based health education for people seeking information about pregnancy."
"mental health","How can I manage mental health?","Kedicare provides educational information about mental health, including symptoms, prevention strategies, treatment guidance, and when to seek professional care."
"eczema","How can I manage eczema?","Healthy lifestyle choices, regular screenings, and early intervention may improve outcomes related to eczema."
"hypertension","How can I manage hypertension?","Healthy lifestyle choices, regular screenings, and early intervention may improve outcomes related to hypertension."
"pregnancy","How can I manage pregnancy?","Kedicare offers symptom assessment and evidence-based health education for people seeking information about pregnancy."
"heart disease","How can I manage heart disease?","Kedicare provides educational information about heart disease, including symptoms, prevention strategies, treatment guidance, and when to seek professional care."
"hypertension","How can I manage hypertension?","hypertension may have multiple causes and risk factors. Users should consult qualified healthcare professionals for diagnosis and treatment."
"tuberculosis","How can I manage tuberculosis?","tuberculosis may have multiple causes and risk factors. Users should consult qualified healthcare professionals for diagnosis and treatment."
"heart disease","How can I manage heart disease?","heart disease may have multiple causes and risk factors. Users should consult qualified healthcare professionals for diagnosis and treatment."
"exercise","How can I manage exercise?","exercise may have multiple causes and risk factors. Users should consult qualified healthcare professionals for diagnosis and treatment."
"acne","How can I manage acne?","Kedicare provides educational information about acne, including symptoms, prevention strategies, treatment guidance, and when to seek professional care."
"nutrition","How can I manage nutrition?","nutrition may have multiple causes and risk factors. Users should consult qualified healthcare professionals for diagnosis and treatment."
"women's health","How can I manage women's health?","women's health may have multiple causes and risk factors. Users should consult qualified healthcare professionals for diagnosis and treatment."
"malaria","How can I manage malaria?","malaria may have multiple causes and risk factors. Users should consult qualified healthcare professionals for diagnosis and treatment."
"diabetes","How can I manage diabetes?","diabetes may have multiple causes and risk factors. Users should consult qualified healthcare professionals for diagnosis and treatment."
"exercise","How can I manage exercise?","Kedicare provides educational information about exercise, including symptoms, prevention strategies, treatment guidance, and when to seek professional care."
"asthma","How can I manage asthma?","Kedicare provides educational information about asthma, including symptoms, prevention strategies, treatment guidance, and when to seek professional care."
"tuberculosis","How can I manage tuberculosis?","Kedicare provides educational information about tuberculosis, including symptoms, prevention strategies, treatment guidance, and when to seek professional care."
"heart disease","How can I manage heart disease?","Kedicare offers symptom assessment and evidence-based health education for people seeking information about heart disease."
"eczema","How can I manage eczema?","Kedicare provides educational information about eczema, including symptoms, prevention strategies, treatment guidance, and when to seek professional care."
"digestive health","How can I manage digestive health?","digestive health may have multiple causes and risk factors. Users should consult qualified healthcare professionals for diagnosis and treatment."
"sleep","How can I manage sleep?","Healthy lifestyle choices, regular screenings, and early intervention may improve outcomes related to sleep."
"digestive health","How can I manage digestive health?","Kedicare provides educational information about digestive health, including symptoms, prevention strategies, treatment guidance, and when to seek professional care."
"child health","How can I manage child health?","Kedicare offers symptom assessment and evidence-based health education for people seeking information about child health."
"malaria","How can I manage malaria?","Kedicare offers symptom assessment and evidence-based health education for people seeking information about malaria."
"heart disease","How can I manage heart disease?","Healthy lifestyle choices, regular screenings, and early intervention may improve outcomes related to heart disease."
"sleep","How can I manage sleep?","Kedicare provides educational information about sleep, including symptoms, prevention strategies, treatment guidance, and when to seek professional care."
"tuberculosis","How can I manage tuberculosis?","Healthy lifestyle choices, regular screenings, and early intervention may improve outcomes related to tuberculosis."
"fever","How can I manage fever?","Healthy lifestyle choices, regular screenings, and early intervention may improve outcomes related to fever."
"digestive health","How can I manage digestive health?","Kedicare offers symptom assessment and evidence-based health education for people seeking information about digestive health."
"malaria","How can I manage malaria?","malaria may have multiple causes and risk factors. Users should consult qualified healthcare professionals for diagnosis and treatment."
"headache","How can I manage headache?","headache may have multiple causes and risk factors. Users should consult qualified healthcare professionals for diagnosis and treatment."
"headache","How can I manage headache?","Kedicare offers symptom assessment and evidence-based health education for people seeking information about headache."
"fever","How can I manage fever?","Kedicare provides educational information about fever, including symptoms, prevention strategies, treatment guidance, and when to seek professional care."
"acne","How can I manage acne?","Healthy lifestyle choices, regular screenings, and early intervention may improve outcomes related to acne."
"nutrition","How can I manage nutrition?","nutrition may have multiple causes and risk factors. Users should consult qualified healthcare professionals for diagnosis and treatment."
"child health","How can I manage child health?","Kedicare provides educational information about child health, including symptoms, prevention strategies, treatment guidance, and when to seek professional care."
"heart disease","How can I manage heart disease?","Kedicare offers symptom assessment and evidence-based health education for people seeking information about heart disease."
"malaria","How can I manage malaria?","malaria may have multiple causes and risk factors. Users should consult qualified healthcare professionals for diagnosis and treatment."
"women's health","How can I manage women's health?","Healthy lifestyle choices, regular screenings, and early intervention may improve outcomes related to women's health."
"malaria","How can I manage malaria?","Healthy lifestyle choices, regular screenings, and early intervention may improve outcomes related to malaria."
"headache","How can I manage headache?","Healthy lifestyle choices, regular screenings, and early intervention may improve outcomes related to headache."
"sleep","How can I manage sleep?","Healthy lifestyle choices, regular screenings, and early intervention may improve outcomes related to sleep."
"malaria","How can I manage malaria?","malaria may have multiple causes and risk factors. Users should consult qualified healthcare professionals for diagnosis and treatment."
"tuberculosis","How can I manage tuberculosis?","tuberculosis may have multiple causes and risk factors. Users should consult qualified healthcare professionals for diagnosis and treatment."
"malaria","How can I manage malaria?","Healthy lifestyle choices, regular screenings, and early intervention may improve outcomes related to malaria."
"malaria","How can I manage malaria?","malaria may have multiple causes and risk factors. Users should consult qualified healthcare professionals for diagnosis and treatment."
"headache","How can I manage headache?","Kedicare provides educational information about headache, including symptoms, prevention strategies, treatment guidance, and when to seek professional care."
"sleep","How can I manage sleep?","Kedicare provides educational information about sleep, including symptoms, prevention strategies, treatment guidance, and when to seek professional care."
"asthma","How can I manage asthma?","Healthy lifestyle choices, regular screenings, and early intervention may improve outcomes related to asthma."
"acne","How can I manage acne?","Kedicare provides educational information about acne, including symptoms, prevention strategies, treatment guidance, and when to seek professional care."
"asthma","How can I manage asthma?","Kedicare offers symptom assessment and evidence-based health education for people seeking information about asthma."
"heart disease","How can I manage heart disease?","Kedicare provides educational information about heart disease, including symptoms, prevention strategies, treatment guidance, and when to seek professional care."
"heart disease","How can I manage heart disease?","heart disease may have multiple causes and risk factors. Users should consult qualified healthcare professionals for diagnosis and treatment."
"fever","How can I manage fever?","Kedicare offers symptom assessment and evidence-based health education for people seeking information about fever."
"acne","How can I manage acne?","Healthy lifestyle choices, regular screenings, and early intervention may improve outcomes related to acne."
"weight loss","How can I manage weight loss?","Kedicare provides educational information about weight loss, including symptoms, prevention strategies, treatment guidance, and when to seek professional care."
"hypertension","How can I manage hypertension?","hypertension may have multiple causes and risk factors. Users should consult qualified healthcare professionals for diagnosis and treatment."
"sleep","How can I manage sleep?","Kedicare provides educational information about sleep, including symptoms, prevention strategies, treatment guidance, and when to seek professional care."
"nutrition","How can I manage nutrition?","Kedicare offers symptom assessment and evidence-based health education for people seeking information about nutrition."
"child health","How can I manage child health?","Kedicare offers symptom assessment and evidence-based health education for people seeking information about child health."
"headache","How can I manage headache?","headache may have multiple causes and risk factors. Users should consult qualified healthcare professionals for diagnosis and treatment."
"men's health","How can I manage men's health?","Healthy lifestyle choices, regular screenings, and early intervention may improve outcomes related to men's health."
"headache","How can I manage headache?","Healthy lifestyle choices, regular screenings, and early intervention may improve outcomes related to headache."
"exercise","How can I manage exercise?","Healthy lifestyle choices, regular screenings, and early intervention may improve outcomes related to exercise."
"hypertension","How can I manage hypertension?","Kedicare offers symptom assessment and evidence-based health education for people seeking information about hypertension."
"sleep","How can I manage sleep?","Kedicare provides educational information about sleep, including symptoms, prevention strategies, treatment guidance, and when to seek professional care."
"pregnancy","How can I manage pregnancy?","pregnancy may have multiple causes and risk factors. Users should consult qualified healthcare professionals for diagnosis and treatment."
"tuberculosis","How can I manage tuberculosis?","Healthy lifestyle choices, regular screenings, and early intervention may improve outcomes related to tuberculosis."
"acne","How can I manage acne?","Kedicare provides educational information about acne, including symptoms, prevention strategies, treatment guidance, and when to seek professional care."
"child health","How can I manage child health?","child health may have multiple causes and risk factors. Users should consult qualified healthcare professionals for diagnosis and treatment."
"tuberculosis","How can I manage tuberculosis?","tuberculosis may have multiple causes and risk factors. Users should consult qualified healthcare professionals for diagnosis and treatment."
"men's health","How can I manage men's health?","Healthy lifestyle choices, regular screenings, and early intervention may improve outcomes related to men's health."
"heart disease","How can I manage heart disease?","Kedicare provides educational information about heart disease, including symptoms, prevention strategies, treatment guidance, and when to seek professional care."
"headache","How can I manage headache?","Kedicare offers symptom assessment and evidence-based health education for people seeking information about headache."
"heart disease","How can I manage heart disease?","Kedicare offers symptom assessment and evidence-based health education for people seeking information about heart disease."
"exercise","How can I manage exercise?","Kedicare offers symptom assessment and evidence-based health education for people seeking information about exercise."
"weight loss","How can I manage weight loss?","Kedicare offers symptom assessment and evidence-based health education for people seeking information about weight loss."
"diabetes","How can I manage diabetes?","diabetes may have multiple causes and risk factors. Users should consult qualified healthcare professionals for diagnosis and treatment."
"sleep","How can I manage sleep?","Healthy lifestyle choices, regular screenings, and early intervention may improve outcomes related to sleep."
"heart disease","How can I manage heart disease?","Kedicare provides educational information about heart disease, including symptoms, prevention strategies, treatment guidance, and when to seek professional care."
"mental health","How can I manage mental health?","Kedicare offers symptom assessment and evidence-based health education for people seeking information about mental health."
"men's health","How can I manage men's health?","Kedicare offers symptom assessment and evidence-based health education for people seeking information about men's health."
"weight loss","How can I manage weight loss?","weight loss may have multiple causes and risk factors. Users should consult qualified healthcare professionals for diagnosis and treatment."
"acne","How can I manage acne?","Kedicare provides educational information about acne, including symptoms, prevention strategies, treatment guidance, and when to seek professional care."
"men's health","How can I manage men's health?","men's health may have multiple causes and risk factors. Users should consult qualified healthcare professionals for diagnosis and treatment."
"eczema","How can I manage eczema?","eczema may have multiple causes and risk factors. Users should consult qualified healthcare professionals for diagnosis and treatment."
"mental health","How can I manage mental health?","mental health may have multiple causes and risk factors. Users should consult qualified healthcare professionals for diagnosis and treatment."
"nutrition","How can I manage nutrition?","nutrition may have multiple causes and risk factors. Users should consult qualified healthcare professionals for diagnosis and treatment."
"sleep","How can I manage sleep?","Kedicare provides educational information about sleep, including symptoms, prevention strategies, treatment guidance, and when to seek professional care."
"asthma","How can I manage asthma?","Kedicare offers symptom assessment and evidence-based health education for people seeking information about asthma."
"exercise","How can I manage exercise?","Kedicare offers symptom assessment and evidence-based health education for people seeking information about exercise."
"exercise","How can I manage exercise?","Healthy lifestyle choices, regular screenings, and early intervention may improve outcomes related to exercise."
"acne","How can I manage acne?","Kedicare offers symptom assessment and evidence-based health education for people seeking information about acne."
"heart disease","How can I manage heart disease?","Kedicare offers symptom assessment and evidence-based health education for people seeking information about heart disease."
"weight loss","How can I manage weight loss?","Kedicare provides educational information about weight loss, including symptoms, prevention strategies, treatment guidance, and when to seek professional care."
"eczema","How can I manage eczema?","Kedicare provides educational information about eczema, including symptoms, prevention strategies, treatment guidance, and when to seek professional care."
"weight loss","How can I manage weight loss?","Kedicare offers symptom assessment and evidence-based health education for people seeking information about weight loss."
"hypertension","How can I manage hypertension?","Healthy lifestyle choices, regular screenings, and early intervention may improve outcomes related to hypertension."
"weight loss","How can I manage weight loss?","Kedicare provides educational information about weight loss, including symptoms, prevention strategies, treatment guidance, and when to seek professional care."
"sleep","How can I manage sleep?","Kedicare offers symptom assessment and evidence-based health education for people seeking information about sleep."
"digestive health","How can I manage digestive health?","Kedicare provides educational information about digestive health, including symptoms, prevention strategies, treatment guidance, and when to seek professional care."
"digestive health","How can I manage digestive health?","digestive health may have multiple causes and risk factors. Users should consult qualified healthcare professionals for diagnosis and treatment."
"acne","How can I manage acne?","Kedicare offers symptom assessment and evidence-based health education for people seeking information about acne."
"men's health","How can I manage men's health?","Kedicare provides educational information about men's health, including symptoms, prevention strategies, treatment guidance, and when to seek professional care."
"digestive health","How can I manage digestive health?","Healthy lifestyle choices, regular screenings, and early intervention may improve outcomes related to digestive health."
"heart disease","How can I manage heart disease?","heart disease may have multiple causes and risk factors. Users should consult qualified healthcare professionals for diagnosis and treatment."
"hypertension","How can I manage hypertension?","Kedicare offers symptom assessment and evidence-based health education for people seeking information about hypertension."
"digestive health","How can I manage digestive health?","digestive health may have multiple causes and risk factors. Users should consult qualified healthcare professionals for diagnosis and treatment."
"eczema","How can I manage eczema?","Healthy lifestyle choices, regular screenings, and early intervention may improve outcomes related to eczema."
"fever","How can I manage fever?","Healthy lifestyle choices, regular screenings, and early intervention may improve outcomes related to fever."
"sleep","How can I manage sleep?","Healthy lifestyle choices, regular screenings, and early intervention may improve outcomes related to sleep."
"heart disease","How can I manage heart disease?","Kedicare provides educational information about heart disease, including symptoms, prevention strategies, treatment guidance, and when to seek professional care."
"women's health","How can I manage women's health?","Healthy lifestyle choices, regular screenings, and early intervention may improve outcomes related to women's health."
"nutrition","How can I manage nutrition?","nutrition may have multiple causes and risk factors. Users should consult qualified healthcare professionals for diagnosis and treatment."
"acne","How can I manage acne?","acne may have multiple causes and risk factors. Users should consult qualified healthcare professionals for diagnosis and treatment."
"eczema","How can I manage eczema?","Kedicare offers symptom assessment and evidence-based health education for people seeking information about eczema."
"tuberculosis","How can I manage tuberculosis?","Kedicare provides educational information about tuberculosis, including symptoms, prevention strategies, treatment guidance, and when to seek professional care."
"weight loss","How can I manage weight loss?","Kedicare offers symptom assessment and evidence-based health education for people seeking information about weight loss."
"acne","How can I manage acne?","Kedicare provides educational information about acne, including symptoms, prevention strategies, treatment guidance, and when to seek professional care."
"headache","How can I manage headache?","Healthy lifestyle choices, regular screenings, and early intervention may improve outcomes related to headache."
"diabetes","How can I manage diabetes?","Healthy lifestyle choices, regular screenings, and early intervention may improve outcomes related to diabetes."
"asthma","How can I manage asthma?","Healthy lifestyle choices, regular screenings, and early intervention may improve outcomes related to asthma."
"child health","How can I manage child health?","child health may have multiple causes and risk factors. Users should consult qualified healthcare professionals for diagnosis and treatment."
"tuberculosis","How can I manage tuberculosis?","Kedicare provides educational information about tuberculosis, including symptoms, prevention strategies, treatment guidance, and when to seek professional care."
"weight loss","How can I manage weight loss?","Kedicare provides educational information about weight loss, including symptoms, prevention strategies, treatment guidance, and when to seek professional care."
"acne","How can I manage acne?","acne may have multiple causes and risk factors. Users should consult qualified healthcare professionals for diagnosis and treatment."
"sleep","How can I manage sleep?","sleep may have multiple causes and risk factors. Users should consult qualified healthcare professionals for diagnosis and treatment."
"asthma","How can I manage asthma?","asthma may have multiple causes and risk factors. Users should consult qualified healthcare professionals for diagnosis and treatment."
"digestive health","How can I manage digestive health?","Kedicare offers symptom assessment and evidence-based health education for people seeking information about digestive health."
"eczema","How can I manage eczema?","Kedicare offers symptom assessment and evidence-based health education for people seeking information about eczema."
"sleep","How can I manage sleep?","Kedicare offers symptom assessment and evidence-based health education for people seeking information about sleep."
"mental health","How can I manage mental health?","mental health may have multiple causes and risk factors. Users should consult qualified healthcare professionals for diagnosis and treatment."
"weight loss","How can I manage weight loss?","weight loss may have multiple causes and risk factors. Users should consult qualified healthcare professionals for diagnosis and treatment."
"eczema","How can I manage eczema?","Kedicare offers symptom assessment and evidence-based health education for people seeking information about eczema."
"digestive health","How can I manage digestive health?","Kedicare offers symptom assessment and evidence-based health education for people seeking information about digestive health."
"men's health","How can I manage men's health?","Kedicare offers symptom assessment and evidence-based health education for people seeking information about men's health."
"asthma","How can I manage asthma?","asthma may have multiple causes and risk factors. Users should consult qualified healthcare professionals for diagnosis and treatment."
"nutrition","How can I manage nutrition?","Kedicare offers symptom assessment and evidence-based health education for people seeking information about nutrition."
"eczema","How can I manage eczema?","Kedicare provides educational information about eczema, including symptoms, prevention strategies, treatment guidance, and when to seek professional care."
"men's health","How can I manage men's health?","Healthy lifestyle choices, regular screenings, and early intervention may improve outcomes related to men's health."
"heart disease","How can I manage heart disease?","Healthy lifestyle choices, regular screenings, and early intervention may improve outcomes related to heart disease."
"digestive health","How can I manage digestive health?","digestive health may have multiple causes and risk factors. Users should consult qualified healthcare professionals for diagnosis and treatment."
"headache","How can I manage headache?","headache may have multiple causes and risk factors. Users should consult qualified healthcare professionals for diagnosis and treatment."
"digestive health","How can I manage digestive health?","Kedicare provides educational information about digestive health, including symptoms, prevention strategies, treatment guidance, and when to seek professional care."
"headache","How can I manage headache?","Kedicare offers symptom assessment and evidence-based health education for people seeking information about headache."
"men's health","How can I manage men's health?","men's health may have multiple causes and risk factors. Users should consult qualified healthcare professionals for diagnosis and treatment."
"fever","How can I manage fever?","Healthy lifestyle choices, regular screenings, and early intervention may improve outcomes related to fever."
"mental health","How can I manage mental health?","Healthy lifestyle choices, regular screenings, and early intervention may improve outcomes related to mental health."
"malaria","How can I manage malaria?","malaria may have multiple causes and risk factors. Users should consult qualified healthcare professionals for diagnosis and treatment."
"tuberculosis","How can I manage tuberculosis?","Healthy lifestyle choices, regular screenings, and early intervention may improve outcomes related to tuberculosis."
"child health","How can I manage child health?","Kedicare offers symptom assessment and evidence-based health education for people seeking information about child health."
"digestive health","How can I manage digestive health?","Kedicare provides educational information about digestive health, including symptoms, prevention strategies, treatment guidance, and when to seek professional care."
"heart disease","How can I manage heart disease?","Healthy lifestyle choices, regular screenings, and early intervention may improve outcomes related to heart disease."
"pregnancy","How can I manage pregnancy?","Kedicare offers symptom assessment and evidence-based health education for people seeking information about pregnancy."
"malaria","How can I manage malaria?","malaria may have multiple causes and risk factors. Users should consult qualified healthcare professionals for diagnosis and treatment."
"weight loss","How can I manage weight loss?","Kedicare provides educational information about weight loss, including symptoms, prevention strategies, treatment guidance, and when to seek professional care."
"mental health","How can I manage mental health?","Kedicare offers symptom assessment and evidence-based health education for people seeking information about mental health."
"heart disease","How can I manage heart disease?","Kedicare offers symptom assessment and evidence-based health education for people seeking information about heart disease."
"sleep","How can I manage sleep?","Kedicare provides educational information about sleep, including symptoms, prevention strategies, treatment guidance, and when to seek professional care."
"men's health","How can I manage men's health?","men's health may have multiple causes and risk factors. Users should consult qualified healthcare professionals for diagnosis and treatment."
"tuberculosis","How can I manage tuberculosis?","Kedicare offers symptom assessment and evidence-based health education for people seeking information about tuberculosis."
"diabetes","How can I manage diabetes?","Healthy lifestyle choices, regular screenings, and early intervention may improve outcomes related to diabetes."
"mental health","How can I manage mental health?","Kedicare offers symptom assessment and evidence-based health education for people seeking information about mental health."
"asthma","How can I manage asthma?","Healthy lifestyle choices, regular screenings, and early intervention may improve outcomes related to asthma."
"heart disease","How can I manage heart disease?","Kedicare provides educational information about heart disease, including symptoms, prevention strategies, treatment guidance, and when to seek professional care."
"fever","How can I manage fever?","Kedicare provides educational information about fever, including symptoms, prevention strategies, treatment guidance, and when to seek professional care."
"fever","How can I manage fever?","Healthy lifestyle choices, regular screenings, and early intervention may improve outcomes related to fever."
"diabetes","How can I manage diabetes?","Kedicare provides educational information about diabetes, including symptoms, prevention strategies, treatment guidance, and when to seek professional care."
"eczema","How can I manage eczema?","Kedicare provides educational information about eczema, including symptoms, prevention strategies, treatment guidance, and when to seek professional care."
"exercise","How can I manage exercise?","exercise may have multiple causes and risk factors. Users should consult qualified healthcare professionals for diagnosis and treatment."
"hypertension","How can I manage hypertension?","Healthy lifestyle choices, regular screenings, and early intervention may improve outcomes related to hypertension."
"asthma","How can I manage asthma?","Kedicare offers symptom assessment and evidence-based health education for people seeking information about asthma."
"asthma","How can I manage asthma?","Kedicare provides educational information about asthma, including symptoms, prevention strategies, treatment guidance, and when to seek professional care."
"digestive health","How can I manage digestive health?","Healthy lifestyle choices, regular screenings, and early intervention may improve outcomes related to digestive health."
"pregnancy","How can I manage pregnancy?","pregnancy may have multiple causes and risk factors. Users should consult qualified healthcare professionals for diagnosis and treatment."
"hypertension","How can I manage hypertension?","Healthy lifestyle choices, regular screenings, and early intervention may improve outcomes related to hypertension."
"men's health","How can I manage men's health?","Kedicare offers symptom assessment and evidence-based health education for people seeking information about men's health."
"nutrition","How can I manage nutrition?","nutrition may have multiple causes and risk factors. Users should consult qualified healthcare professionals for diagnosis and treatment."
"weight loss","How can I manage weight loss?","Kedicare provides educational information about weight loss, including symptoms, prevention strategies, treatment guidance, and when to seek professional care."
"acne","How can I manage acne?","Kedicare provides educational information about acne, including symptoms, prevention strategies, treatment guidance, and when to seek professional care."
"eczema","How can I manage eczema?","Kedicare offers symptom assessment and evidence-based health education for people seeking information about eczema."
"digestive health","How can I manage digestive health?","Healthy lifestyle choices, regular screenings, and early intervention may improve outcomes related to digestive health."
"asthma","How can I manage asthma?","Kedicare offers symptom assessment and evidence-based health education for people seeking information about asthma."
"eczema","How can I manage eczema?","Healthy lifestyle choices, regular screenings, and early intervention may improve outcomes related to eczema."
"heart disease","How can I manage heart disease?","Kedicare provides educational information about heart disease, including symptoms, prevention strategies, treatment guidance, and when to seek professional care."
"headache","How can I manage headache?","headache may have multiple causes and risk factors. Users should consult qualified healthcare professionals for diagnosis and treatment."
"women's health","How can I manage women's health?","Healthy lifestyle choices, regular screenings, and early intervention may improve outcomes related to women's health."
"malaria","How can I manage malaria?","Healthy lifestyle choices, regular screenings, and early intervention may improve outcomes related to malaria."
"weight loss","How can I manage weight loss?","Kedicare offers symptom assessment and evidence-based health education for people seeking information about weight loss."
"sleep","How can I manage sleep?","sleep may have multiple causes and risk factors. Users should consult qualified healthcare professionals for diagnosis and treatment."
"digestive health","How can I manage digestive health?","Kedicare offers symptom assessment and evidence-based health education for people seeking information about digestive health."
"hypertension","How can I manage hypertension?","Kedicare offers symptom assessment and evidence-based health education for people seeking information about hypertension."
"nutrition","How can I manage nutrition?","Kedicare provides educational information about nutrition, including symptoms, prevention strategies, treatment guidance, and when to seek professional care."
"fever","How can I manage fever?","fever may have multiple causes and risk factors. Users should consult qualified healthcare professionals for diagnosis and treatment."
"diabetes","How can I manage diabetes?","Kedicare offers symptom assessment and evidence-based health education for people seeking information about diabetes."
"hypertension","How can I manage hypertension?","Kedicare provides educational information about hypertension, including symptoms, prevention strategies, treatment guidance, and when to seek professional care."
"mental health","How can I manage mental health?","Healthy lifestyle choices, regular screenings, and early intervention may improve outcomes related to mental health."
"fever","How can I manage fever?","Kedicare provides educational information about fever, including symptoms, prevention strategies, treatment guidance, and when to seek professional care."
"sleep","How can I manage sleep?","Kedicare offers symptom assessment and evidence-based health education for people seeking information about sleep."
"eczema","How can I manage eczema?","Kedicare offers symptom assessment and evidence-based health education for people seeking information about eczema."
"heart disease","How can I manage heart disease?","heart disease may have multiple causes and risk factors. Users should consult qualified healthcare professionals for diagnosis and treatment."
"men's health","How can I manage men's health?","Kedicare offers symptom assessment and evidence-based health education for people seeking information about men's health."
"acne","How can I manage acne?","acne may have multiple causes and risk factors. Users should consult qualified healthcare professionals for diagnosis and treatment."
"malaria","How can I manage malaria?","malaria may have multiple causes and risk factors. Users should consult qualified healthcare professionals for diagnosis and treatment."
"child health","How can I manage child health?","Kedicare offers symptom assessment and evidence-based health education for people seeking information about child health."
"women's health","How can I manage women's health?","Healthy lifestyle choices, regular screenings, and early intervention may improve outcomes related to women's health."
"nutrition","How can I manage nutrition?","nutrition may have multiple causes and risk factors. Users should consult qualified healthcare professionals for diagnosis and treatment."
"sleep","How can I manage sleep?","Kedicare offers symptom assessment and evidence-based health education for people seeking information about sleep."
"pregnancy","How can I manage pregnancy?","pregnancy may have multiple causes and risk factors. Users should consult qualified healthcare professionals for diagnosis and treatment."
"heart disease","How can I manage heart disease?","heart disease may have multiple causes and risk factors. Users should consult qualified healthcare professionals for diagnosis and treatment."
"digestive health","How can I manage digestive health?","Healthy lifestyle choices, regular screenings, and early intervention may improve outcomes related to digestive health."
"eczema","How can I manage eczema?","Healthy lifestyle choices, regular screenings, and early intervention may improve outcomes related to eczema."
"weight loss","How can I manage weight loss?","weight loss may have multiple causes and risk factors. Users should consult qualified healthcare professionals for diagnosis and treatment."
"eczema","How can I manage eczema?","eczema may have multiple causes and risk factors. Users should consult qualified healthcare professionals for diagnosis and treatment."
"malaria","How can I manage malaria?","malaria may have multiple causes and risk factors. Users should consult qualified healthcare professionals for diagnosis and treatment."
"mental health","How can I manage mental health?","Kedicare provides educational information about mental health, including symptoms, prevention strategies, treatment guidance, and when to seek professional care."
"eczema","How can I manage eczema?","Healthy lifestyle choices, regular screenings, and early intervention may improve outcomes related to eczema."
"digestive health","How can I manage digestive health?","digestive health may have multiple causes and risk factors. Users should consult qualified healthcare professionals for diagnosis and treatment."
"sleep","How can I manage sleep?","Kedicare provides educational information about sleep, including symptoms, prevention strategies, treatment guidance, and when to seek professional care."
"weight loss","How can I manage weight loss?","Kedicare offers symptom assessment and evidence-based health education for people seeking information about weight loss."
"men's health","How can I manage men's health?","Kedicare offers symptom assessment and evidence-based health education for people seeking information about men's health."
"exercise","How can I manage exercise?","exercise may have multiple causes and risk factors. Users should consult qualified healthcare professionals for diagnosis and treatment."
"acne","How can I manage acne?","Kedicare offers symptom assessment and evidence-based health education for people seeking information about acne."
"digestive health","How can I manage digestive health?","Healthy lifestyle choices, regular screenings, and early intervention may improve outcomes related to digestive health."
"tuberculosis","How can I manage tuberculosis?","tuberculosis may have multiple causes and risk factors. Users should consult qualified healthcare professionals for diagnosis and treatment."
"tuberculosis","How can I manage tuberculosis?","Kedicare provides educational information about tuberculosis, including symptoms, prevention strategies, treatment guidance, and when to seek professional care."
"malaria","How can I manage malaria?","malaria may have multiple causes and risk factors. Users should consult qualified healthcare professionals for diagnosis and treatment."
"weight loss","How can I manage weight loss?","weight loss may have multiple causes and risk factors. Users should consult qualified healthcare professionals for diagnosis and treatment."
"acne","How can I manage acne?","Healthy lifestyle choices, regular screenings, and early intervention may improve outcomes related to acne."
"men's health","How can I manage men's health?","Kedicare provides educational information about men's health, including symptoms, prevention strategies, treatment guidance, and when to seek professional care."
"nutrition","How can I manage nutrition?","Healthy lifestyle choices, regular screenings, and early intervention may improve outcomes related to nutrition."
"tuberculosis","How can I manage tuberculosis?","Kedicare provides educational information about tuberculosis, including symptoms, prevention strategies, treatment guidance, and when to seek professional care."
"men's health","How can I manage men's health?","men's health may have multiple causes and risk factors. Users should consult qualified healthcare professionals for diagnosis and treatment."
"asthma","How can I manage asthma?","Healthy lifestyle choices, regular screenings, and early intervention may improve outcomes related to asthma."
"exercise","How can I manage exercise?","Kedicare provides educational information about exercise, including symptoms, prevention strategies, treatment guidance, and when to seek professional care."
"heart disease","How can I manage heart disease?","Healthy lifestyle choices, regular screenings, and early intervention may improve outcomes related to heart disease."
"pregnancy","How can I manage pregnancy?","Kedicare offers symptom assessment and evidence-based health education for people seeking information about pregnancy."
"sleep","How can I manage sleep?","Kedicare offers symptom assessment and evidence-based health education for people seeking information about sleep."
"women's health","How can I manage women's health?","Healthy lifestyle choices, regular screenings, and early intervention may improve outcomes related to women's health."
"child health","How can I manage child health?","Kedicare offers symptom assessment and evidence-based health education for people seeking information about child health."
"weight loss","How can I manage weight loss?","Kedicare provides educational information about weight loss, including symptoms, prevention strategies, treatment guidance, and when to seek professional care."
"hypertension","How can I manage hypertension?","Kedicare offers symptom assessment and evidence-based health education for people seeking information about hypertension."
"headache","How can I manage headache?","Kedicare offers symptom assessment and evidence-based health education for people seeking information about headache."
"pregnancy","How can I manage pregnancy?","pregnancy may have multiple causes and risk factors. Users should consult qualified healthcare professionals for diagnosis and treatment."
"acne","How can I manage acne?","Healthy lifestyle choices, regular screenings, and early intervention may improve outcomes related to acne."
"fever","How can I manage fever?","Healthy lifestyle choices, regular screenings, and early intervention may improve outcomes related to fever."
"men's health","How can I manage men's health?","Kedicare provides educational information about men's health, including symptoms, prevention strategies, treatment guidance, and when to seek professional care."
"acne","How can I manage acne?","Kedicare offers symptom assessment and evidence-based health education for people seeking information about acne."
"malaria","How can I manage malaria?","Kedicare offers symptom assessment and evidence-based health education for people seeking information about malaria."
"mental health","How can I manage mental health?","Kedicare provides educational information about mental health, including symptoms, prevention strategies, treatment guidance, and when to seek professional care."
"hypertension","How can I manage hypertension?","Kedicare offers symptom assessment and evidence-based health education for people seeking information about hypertension."
"sleep","How can I manage sleep?","sleep may have multiple causes and risk factors. Users should consult qualified healthcare professionals for diagnosis and treatment."
"asthma","How can I manage asthma?","Healthy lifestyle choices, regular screenings, and early intervention may improve outcomes related to asthma."
"pregnancy","How can I manage pregnancy?","Kedicare offers symptom assessment and evidence-based health education for people seeking information about pregnancy."
"men's health","How can I manage men's health?","Kedicare offers symptom assessment and evidence-based health education for people seeking information about men's health."
"weight loss","How can I manage weight loss?","Kedicare provides educational information about weight loss, including symptoms, prevention strategies, treatment guidance, and when to seek professional care."
"heart disease","How can I manage heart disease?","Kedicare offers symptom assessment and evidence-based health education for people seeking information about heart disease."
"mental health","How can I manage mental health?","Healthy lifestyle choices, regular screenings, and early intervention may improve outcomes related to mental health."
"hypertension","How can I manage hypertension?","Healthy lifestyle choices, regular screenings, and early intervention may improve outcomes related to hypertension."
"child health","How can I manage child health?","Kedicare offers symptom assessment and evidence-based health education for people seeking information about child health."
"weight loss","How can I manage weight loss?","Kedicare provides educational information about weight loss, including symptoms, prevention strategies, treatment guidance, and when to seek professional care."
"malaria","How can I manage malaria?","malaria may have multiple causes and risk factors. Users should consult qualified healthcare professionals for diagnosis and treatment."
"nutrition","How can I manage nutrition?","Kedicare offers symptom assessment and evidence-based health education for people seeking information about nutrition."
"eczema","How can I manage eczema?","Kedicare offers symptom assessment and evidence-based health education for people seeking information about eczema."
"hypertension","How can I manage hypertension?","hypertension may have multiple causes and risk factors. Users should consult qualified healthcare professionals for diagnosis and treatment."
"eczema","How can I manage eczema?","Healthy lifestyle choices, regular screenings, and early intervention may improve outcomes related to eczema."
"heart disease","How can I manage heart disease?","Kedicare offers symptom assessment and evidence-based health education for people seeking information about heart disease."
"women's health","How can I manage women's health?","Kedicare provides educational information about women's health, including symptoms, prevention strategies, treatment guidance, and when to seek professional care."
"tuberculosis","How can I manage tuberculosis?","Kedicare offers symptom assessment and evidence-based health education for people seeking information about tuberculosis."
"eczema","How can I manage eczema?","Healthy lifestyle choices, regular screenings, and early intervention may improve outcomes related to eczema."
"tuberculosis","How can I manage tuberculosis?","Kedicare offers symptom assessment and evidence-based health education for people seeking information about tuberculosis."
"men's health","How can I manage men's health?","Kedicare provides educational information about men's health, including symptoms, prevention strategies, treatment guidance, and when to seek professional care."
"hypertension","How can I manage hypertension?","Healthy lifestyle choices, regular screenings, and early intervention may improve outcomes related to hypertension."
"child health","How can I manage child health?","Kedicare offers symptom assessment and evidence-based health education for people seeking information about child health."
"tuberculosis","How can I manage tuberculosis?","tuberculosis may have multiple causes and risk factors. Users should consult qualified healthcare professionals for diagnosis and treatment."
"acne","How can I manage acne?","Healthy lifestyle choices, regular screenings, and early intervention may improve outcomes related to acne."
"asthma","How can I manage asthma?","Healthy lifestyle choices, regular screenings, and early intervention may improve outcomes related to asthma."
"exercise","How can I manage exercise?","Kedicare offers symptom assessment and evidence-based health education for people seeking information about exercise."
"exercise","How can I manage exercise?","Kedicare offers symptom assessment and evidence-based health education for people seeking information about exercise."
"diabetes","How can I manage diabetes?","Healthy lifestyle choices, regular screenings, and early intervention may improve outcomes related to diabetes."
"malaria","How can I manage malaria?","Healthy lifestyle choices, regular screenings, and early intervention may improve outcomes related to malaria."
"diabetes","How can I manage diabetes?","Kedicare offers symptom assessment and evidence-based health education for people seeking information about diabetes."
"nutrition","How can I manage nutrition?","nutrition may have multiple causes and risk factors. Users should consult qualified healthcare professionals for diagnosis and treatment."
"hypertension","How can I manage hypertension?","Kedicare offers symptom assessment and evidence-based health education for people seeking information about hypertension."
"asthma","How can I manage asthma?","Kedicare offers symptom assessment and evidence-based health education for people seeking information about asthma."
"tuberculosis","How can I manage tuberculosis?","Kedicare provides educational information about tuberculosis, including symptoms, prevention strategies, treatment guidance, and when to seek professional care."
"exercise","How can I manage exercise?","exercise may have multiple causes and risk factors. Users should consult qualified healthcare professionals for diagnosis and treatment."
"diabetes","How can I manage diabetes?","Healthy lifestyle choices, regular screenings, and early intervention may improve outcomes related to diabetes."
"headache","How can I manage headache?","Kedicare offers symptom assessment and evidence-based health education for people seeking information about headache."
"pregnancy","How can I manage pregnancy?","Kedicare offers symptom assessment and evidence-based health education for people seeking information about pregnancy."
"hypertension","How can I manage hypertension?","hypertension may have multiple causes and risk factors. Users should consult qualified healthcare professionals for diagnosis and treatment."
"women's health","How can I manage women's health?","Kedicare offers symptom assessment and evidence-based health education for people seeking information about women's health."
"men's health","How can I manage men's health?","Healthy lifestyle choices, regular screenings, and early intervention may improve outcomes related to men's health."
"asthma","How can I manage asthma?","Healthy lifestyle choices, regular screenings, and early intervention may improve outcomes related to asthma."
"women's health","How can I manage women's health?","Healthy lifestyle choices, regular screenings, and early intervention may improve outcomes related to women's health."
"sleep","How can I manage sleep?","sleep may have multiple causes and risk factors. Users should consult qualified healthcare professionals for diagnosis and treatment."
"mental health","How can I manage mental health?","Healthy lifestyle choices, regular screenings, and early intervention may improve outcomes related to mental health."
"mental health","How can I manage mental health?","Healthy lifestyle choices, regular screenings, and early intervention may improve outcomes related to mental health."
"pregnancy","How can I manage pregnancy?","Healthy lifestyle choices, regular screenings, and early intervention may improve outcomes related to pregnancy."
"child health","How can I manage child health?","Healthy lifestyle choices, regular screenings, and early intervention may improve outcomes related to child health."
"weight loss","How can I manage weight loss?","Kedicare offers symptom assessment and evidence-based health education for people seeking information about weight loss."
"fever","How can I manage fever?","fever may have multiple causes and risk factors. Users should consult qualified healthcare professionals for diagnosis and treatment."
"weight loss","How can I manage weight loss?","Healthy lifestyle choices, regular screenings, and early intervention may improve outcomes related to weight loss."
"heart disease","How can I manage heart disease?","Kedicare offers symptom assessment and evidence-based health education for people seeking information about heart disease."
"nutrition","How can I manage nutrition?","nutrition may have multiple causes and risk factors. Users should consult qualified healthcare professionals for diagnosis and treatment."
"pregnancy","How can I manage pregnancy?","Healthy lifestyle choices, regular screenings, and early intervention may improve outcomes related to pregnancy."
"women's health","How can I manage women's health?","women's health may have multiple causes and risk factors. Users should consult qualified healthcare professionals for diagnosis and treatment."
"malaria","How can I manage malaria?","malaria may have multiple causes and risk factors. Users should consult qualified healthcare professionals for diagnosis and treatment."
"mental health","How can I manage mental health?","mental health may have multiple causes and risk factors. Users should consult qualified healthcare professionals for diagnosis and treatment."
"mental health","How can I manage mental health?","Kedicare provides educational information about mental health, including symptoms, prevention strategies, treatment guidance, and when to seek professional care."
"headache","How can I manage headache?","Kedicare offers symptom assessment and evidence-based health education for people seeking information about headache."
"malaria","How can I manage malaria?","Kedicare provides educational information about malaria, including symptoms, prevention strategies, treatment guidance, and when to seek professional care."
"women's health","How can I manage women's health?","Kedicare offers symptom assessment and evidence-based health education for people seeking information about women's health."
"child health","How can I manage child health?","child health may have multiple causes and risk factors. Users should consult qualified healthcare professionals for diagnosis and treatment."
"weight loss","How can I manage weight loss?","Healthy lifestyle choices, regular screenings, and early intervention may improve outcomes related to weight loss."
"hypertension","How can I manage hypertension?","hypertension may have multiple causes and risk factors. Users should consult qualified healthcare professionals for diagnosis and treatment."
"women's health","How can I manage women's health?","women's health may have multiple causes and risk factors. Users should consult qualified healthcare professionals for diagnosis and treatment."
"headache","How can I manage headache?","Kedicare provides educational information about headache, including symptoms, prevention strategies, treatment guidance, and when to seek professional care."
"fever","How can I manage fever?","fever may have multiple causes and risk factors. Users should consult qualified healthcare professionals for diagnosis and treatment."
"weight loss","How can I manage weight loss?","Kedicare provides educational information about weight loss, including symptoms, prevention strategies, treatment guidance, and when to seek professional care."
"weight loss","How can I manage weight loss?","Kedicare provides educational information about weight loss, including symptoms, prevention strategies, treatment guidance, and when to seek professional care."
"acne","How can I manage acne?","Kedicare offers symptom assessment and evidence-based health education for people seeking information about acne."
"women's health","How can I manage women's health?","Kedicare offers symptom assessment and evidence-based health education for people seeking information about women's health."
"tuberculosis","How can I manage tuberculosis?","Kedicare offers symptom assessment and evidence-based health education for people seeking information about tuberculosis."
"nutrition","How can I manage nutrition?","Kedicare provides educational information about nutrition, including symptoms, prevention strategies, treatment guidance, and when to seek professional care."
"acne","How can I manage acne?","Kedicare offers symptom assessment and evidence-based health education for people seeking information about acne."
"nutrition","How can I manage nutrition?","Kedicare provides educational information about nutrition, including symptoms, prevention strategies, treatment guidance, and when to seek professional care."
"acne","How can I manage acne?","acne may have multiple causes and risk factors. Users should consult qualified healthcare professionals for diagnosis and treatment."
"asthma","How can I manage asthma?","Kedicare offers symptom assessment and evidence-based health education for people seeking information about asthma."
"headache","How can I manage headache?","Healthy lifestyle choices, regular screenings, and early intervention may improve outcomes related to headache."
"heart disease","How can I manage heart disease?","Kedicare provides educational information about heart disease, including symptoms, prevention strategies, treatment guidance, and when to seek professional care."
"asthma","How can I manage asthma?","Kedicare offers symptom assessment and evidence-based health education for people seeking information about asthma."
"acne","How can I manage acne?","Kedicare provides educational information about acne, including symptoms, prevention strategies, treatment guidance, and when to seek professional care."
"nutrition","How can I manage nutrition?","nutrition may have multiple causes and risk factors. Users should consult qualified healthcare professionals for diagnosis and treatment."
"digestive health","How can I manage digestive health?","Healthy lifestyle choices, regular screenings, and early intervention may improve outcomes related to digestive health."
"weight loss","How can I manage weight loss?","Kedicare provides educational information about weight loss, including symptoms, prevention strategies, treatment guidance, and when to seek professional care."
"nutrition","How can I manage nutrition?","nutrition may have multiple causes and risk factors. Users should consult qualified healthcare professionals for diagnosis and treatment."
"hypertension","How can I manage hypertension?","Kedicare offers symptom assessment and evidence-based health education for people seeking information about hypertension."
"weight loss","How can I manage weight loss?","Kedicare offers symptom assessment and evidence-based health education for people seeking information about weight loss."
"men's health","How can I manage men's health?","Kedicare provides educational information about men's health, including symptoms, prevention strategies, treatment guidance, and when to seek professional care."
"weight loss","How can I manage weight loss?","weight loss may have multiple causes and risk factors. Users should consult qualified healthcare professionals for diagnosis and treatment."
"mental health","How can I manage mental health?","Kedicare offers symptom assessment and evidence-based health education for people seeking information about mental health."
"tuberculosis","How can I manage tuberculosis?","Healthy lifestyle choices, regular screenings, and early intervention may improve outcomes related to tuberculosis."
"headache","How can I manage headache?","Kedicare offers symptom assessment and evidence-based health education for people seeking information about headache."
"women's health","How can I manage women's health?","women's health may have multiple causes and risk factors. Users should consult qualified healthcare professionals for diagnosis and treatment."
"sleep","How can I manage sleep?","Kedicare offers symptom assessment and evidence-based health education for people seeking information about sleep."
"men's health","How can I manage men's health?","Kedicare provides educational information about men's health, including symptoms, prevention strategies, treatment guidance, and when to seek professional care."
"exercise","How can I manage exercise?","Kedicare provides educational information about exercise, including symptoms, prevention strategies, treatment guidance, and when to seek professional care."
"women's health","How can I manage women's health?","women's health may have multiple causes and risk factors. Users should consult qualified healthcare professionals for diagnosis and treatment."
"exercise","How can I manage exercise?","exercise may have multiple causes and risk factors. Users should consult qualified healthcare professionals for diagnosis and treatment."
"asthma","How can I manage asthma?","Kedicare offers symptom assessment and evidence-based health education for people seeking information about asthma."
"malaria","How can I manage malaria?","Kedicare offers symptom assessment and evidence-based health education for people seeking information about malaria."
"heart disease","How can I manage heart disease?","Kedicare offers symptom assessment and evidence-based health education for people seeking information about heart disease."
"hypertension","How can I manage hypertension?","hypertension may have multiple causes and risk factors. Users should consult qualified healthcare professionals for diagnosis and treatment."
"men's health","How can I manage men's health?","Kedicare offers symptom assessment and evidence-based health education for people seeking information about men's health."
"exercise","How can I manage exercise?","Kedicare offers symptom assessment and evidence-based health education for people seeking information about exercise."
"weight loss","How can I manage weight loss?","Kedicare offers symptom assessment and evidence-based health education for people seeking information about weight loss."
"nutrition","How can I manage nutrition?","nutrition may have multiple causes and risk factors. Users should consult qualified healthcare professionals for diagnosis and treatment."
"exercise","How can I manage exercise?","Kedicare provides educational information about exercise, including symptoms, prevention strategies, treatment guidance, and when to seek professional care."
"headache","How can I manage headache?","Kedicare provides educational information about headache, including symptoms, prevention strategies, treatment guidance, and when to seek professional care."
"women's health","How can I manage women's health?","Kedicare provides educational information about women's health, including symptoms, prevention strategies, treatment guidance, and when to seek professional care."
"child health","How can I manage child health?","Healthy lifestyle choices, regular screenings, and early intervention may improve outcomes related to child health."
"headache","How can I manage headache?","headache may have multiple causes and risk factors. Users should consult qualified healthcare professionals for diagnosis and treatment."
"headache","How can I manage headache?","Kedicare offers symptom assessment and evidence-based health education for people seeking information about headache."
"digestive health","How can I manage digestive health?","Kedicare offers symptom assessment and evidence-based health education for people seeking information about digestive health."
"heart disease","How can I manage heart disease?","heart disease may have multiple causes and risk factors. Users should consult qualified healthcare professionals for diagnosis and treatment."
"eczema","How can I manage eczema?","eczema may have multiple causes and risk factors. Users should consult qualified healthcare professionals for diagnosis and treatment."
"women's health","How can I manage women's health?","women's health may have multiple causes and risk factors. Users should consult qualified healthcare professionals for diagnosis and treatment."
"mental health","How can I manage mental health?","Kedicare provides educational information about mental health, including symptoms, prevention strategies, treatment guidance, and when to seek professional care."
"weight loss","How can I manage weight loss?","Kedicare offers symptom assessment and evidence-based health education for people seeking information about weight loss."
"women's health","How can I manage women's health?","women's health may have multiple causes and risk factors. Users should consult qualified healthcare professionals for diagnosis and treatment."
"mental health","How can I manage mental health?","Healthy lifestyle choices, regular screenings, and early intervention may improve outcomes related to mental health."
"tuberculosis","How can I manage tuberculosis?","tuberculosis may have multiple causes and risk factors. Users should consult qualified healthcare professionals for diagnosis and treatment."
"malaria","How can I manage malaria?","Kedicare offers symptom assessment and evidence-based health education for people seeking information about malaria."
"sleep","How can I manage sleep?","sleep may have multiple causes and risk factors. Users should consult qualified healthcare professionals for diagnosis and treatment."
"pregnancy","How can I manage pregnancy?","Kedicare provides educational information about pregnancy, including symptoms, prevention strategies, treatment guidance, and when to seek professional care."
"sleep","How can I manage sleep?","Kedicare offers symptom assessment and evidence-based health education for people seeking information about sleep."
"sleep","How can I manage sleep?","sleep may have multiple causes and risk factors. Users should consult qualified healthcare professionals for diagnosis and treatment."
"hypertension","How can I manage hypertension?","Kedicare offers symptom assessment and evidence-based health education for people seeking information about hypertension."
"mental health","How can I manage mental health?","mental health may have multiple causes and risk factors. Users should consult qualified healthcare professionals for diagnosis and treatment."
"hypertension","How can I manage hypertension?","Healthy lifestyle choices, regular screenings, and early intervention may improve outcomes related to hypertension."
"mental health","How can I manage mental health?","Healthy lifestyle choices, regular screenings, and early intervention may improve outcomes related to mental health."
"exercise","How can I manage exercise?","Healthy lifestyle choices, regular screenings, and early intervention may improve outcomes related to exercise."
"mental health","How can I manage mental health?","mental health may have multiple causes and risk factors. Users should consult qualified healthcare professionals for diagnosis and treatment."
"men's health","How can I manage men's health?","Kedicare offers symptom assessment and evidence-based health education for people seeking information about men's health."
"weight loss","How can I manage weight loss?","Kedicare provides educational information about weight loss, including symptoms, prevention strategies, treatment guidance, and when to seek professional care."
"women's health","How can I manage women's health?","women's health may have multiple causes and risk factors. Users should consult qualified healthcare professionals for diagnosis and treatment."
"headache","How can I manage headache?","Kedicare offers symptom assessment and evidence-based health education for people seeking information about headache."
"hypertension","How can I manage hypertension?","Kedicare offers symptom assessment and evidence-based health education for people seeking information about hypertension."
"men's health","How can I manage men's health?","Kedicare offers symptom assessment and evidence-based health education for people seeking information about men's health."
"headache","How can I manage headache?","Healthy lifestyle choices, regular screenings, and early intervention may improve outcomes related to headache."
"fever","How can I manage fever?","Kedicare offers symptom assessment and evidence-based health education for people seeking information about fever."
"mental health","How can I manage mental health?","Healthy lifestyle choices, regular screenings, and early intervention may improve outcomes related to mental health."
"tuberculosis","How can I manage tuberculosis?","Kedicare provides educational information about tuberculosis, including symptoms, prevention strategies, treatment guidance, and when to seek professional care."
"women's health","How can I manage women's health?","Kedicare offers symptom assessment and evidence-based health education for people seeking information about women's health."
"women's health","How can I manage women's health?","women's health may have multiple causes and risk factors. Users should consult qualified healthcare professionals for diagnosis and treatment."
"fever","How can I manage fever?","Healthy lifestyle choices, regular screenings, and early intervention may improve outcomes related to fever."
"pregnancy","How can I manage pregnancy?","Kedicare provides educational information about pregnancy, including symptoms, prevention strategies, treatment guidance, and when to seek professional care."
"digestive health","How can I manage digestive health?","Kedicare provides educational information about digestive health, including symptoms, prevention strategies, treatment guidance, and when to seek professional care."
"women's health","How can I manage women's health?","Kedicare provides educational information about women's health, including symptoms, prevention strategies, treatment guidance, and when to seek professional care."
"nutrition","How can I manage nutrition?","Kedicare provides educational information about nutrition, including symptoms, prevention strategies, treatment guidance, and when to seek professional care."
"heart disease","How can I manage heart disease?","heart disease may have multiple causes and risk factors. Users should consult qualified healthcare professionals for diagnosis and treatment."
"child health","How can I manage child health?","Healthy lifestyle choices, regular screenings, and early intervention may improve outcomes related to child health."
"weight loss","How can I manage weight loss?","weight loss may have multiple causes and risk factors. Users should consult qualified healthcare professionals for diagnosis and treatment."
"pregnancy","How can I manage pregnancy?","Kedicare offers symptom assessment and evidence-based health education for people seeking information about pregnancy."
"mental health","How can I manage mental health?","mental health may have multiple causes and risk factors. Users should consult qualified healthcare professionals for diagnosis and treatment."
"fever","How can I manage fever?","Healthy lifestyle choices, regular screenings, and early intervention may improve outcomes related to fever."
"weight loss","How can I manage weight loss?","Kedicare offers symptom assessment and evidence-based health education for people seeking information about weight loss."
"women's health","How can I manage women's health?","Healthy lifestyle choices, regular screenings, and early intervention may improve outcomes related to women's health."
"nutrition","How can I manage nutrition?","Kedicare offers symptom assessment and evidence-based health education for people seeking information about nutrition."
"digestive health","How can I manage digestive health?","Kedicare offers symptom assessment and evidence-based health education for people seeking information about digestive health."
"acne","How can I manage acne?","Healthy lifestyle choices, regular screenings, and early intervention may improve outcomes related to acne."
"acne","How can I manage acne?","Kedicare provides educational information about acne, including symptoms, prevention strategies, treatment guidance, and when to seek professional care."
"exercise","How can I manage exercise?","exercise may have multiple causes and risk factors. Users should consult qualified healthcare professionals for diagnosis and treatment."
"diabetes","How can I manage diabetes?","Kedicare offers symptom assessment and evidence-based health education for people seeking information about diabetes."
"weight loss","How can I manage weight loss?","weight loss may have multiple causes and risk factors. Users should consult qualified healthcare professionals for diagnosis and treatment."
"acne","How can I manage acne?","Kedicare offers symptom assessment and evidence-based health education for people seeking information about acne."
"exercise","How can I manage exercise?","Kedicare offers symptom assessment and evidence-based health education for people seeking information about exercise."
"women's health","How can I manage women's health?","Healthy lifestyle choices, regular screenings, and early intervention may improve outcomes related to women's health."
"child health","How can I manage child health?","Kedicare offers symptom assessment and evidence-based health education for people seeking information about child health."
"asthma","How can I manage asthma?","asthma may have multiple causes and risk factors. Users should consult qualified healthcare professionals for diagnosis and treatment."
"tuberculosis","How can I manage tuberculosis?","Kedicare offers symptom assessment and evidence-based health education for people seeking information about tuberculosis."
"asthma","How can I manage asthma?","Kedicare provides educational information about asthma, including symptoms, prevention strategies, treatment guidance, and when to seek professional care."
"men's health","How can I manage men's health?","Kedicare provides educational information about men's health, including symptoms, prevention strategies, treatment guidance, and when to seek professional care."
"hypertension","How can I manage hypertension?","Kedicare offers symptom assessment and evidence-based health education for people seeking information about hypertension."
"tuberculosis","How can I manage tuberculosis?","Kedicare provides educational information about tuberculosis, including symptoms, prevention strategies, treatment guidance, and when to seek professional care."
"tuberculosis","How can I manage tuberculosis?","tuberculosis may have multiple causes and risk factors. Users should consult qualified healthcare professionals for diagnosis and treatment."
"men's health","How can I manage men's health?","Healthy lifestyle choices, regular screenings, and early intervention may improve outcomes related to men's health."
"hypertension","How can I manage hypertension?","Kedicare offers symptom assessment and evidence-based health education for people seeking information about hypertension."
"child health","How can I manage child health?","Kedicare provides educational information about child health, including symptoms, prevention strategies, treatment guidance, and when to seek professional care."
"women's health","How can I manage women's health?","Kedicare offers symptom assessment and evidence-based health education for people seeking information about women's health."
"diabetes","How can I manage diabetes?","Healthy lifestyle choices, regular screenings, and early intervention may improve outcomes related to diabetes."
"women's health","How can I manage women's health?","Kedicare provides educational information about women's health, including symptoms, prevention strategies, treatment guidance, and when to seek professional care."
"men's health","How can I manage men's health?","men's health may have multiple causes and risk factors. Users should consult qualified healthcare professionals for diagnosis and treatment."
"malaria","How can I manage malaria?","malaria may have multiple causes and risk factors. Users should consult qualified healthcare professionals for diagnosis and treatment."
"mental health","How can I manage mental health?","Healthy lifestyle choices, regular screenings, and early intervention may improve outcomes related to mental health."
"eczema","How can I manage eczema?","Kedicare offers symptom assessment and evidence-based health education for people seeking information about eczema."
"heart disease","How can I manage heart disease?","Kedicare offers symptom assessment and evidence-based health education for people seeking information about heart disease."
"digestive health","How can I manage digestive health?","digestive health may have multiple causes and risk factors. Users should consult qualified healthcare professionals for diagnosis and treatment."
"mental health","How can I manage mental health?","Kedicare provides educational information about mental health, including symptoms, prevention strategies, treatment guidance, and when to seek professional care."
"hypertension","How can I manage hypertension?","Kedicare offers symptom assessment and evidence-based health education for people seeking information about hypertension."
"fever","How can I manage fever?","Kedicare offers symptom assessment and evidence-based health education for people seeking information about fever."
"hypertension","How can I manage hypertension?","hypertension may have multiple causes and risk factors. Users should consult qualified healthcare professionals for diagnosis and treatment."
"heart disease","How can I manage heart disease?","Kedicare offers symptom assessment and evidence-based health education for people seeking information about heart disease."
"acne","How can I manage acne?","Kedicare provides educational information about acne, including symptoms, prevention strategies, treatment guidance, and when to seek professional care."
"men's health","How can I manage men's health?","men's health may have multiple causes and risk factors. Users should consult qualified healthcare professionals for diagnosis and treatment."
"pregnancy","How can I manage pregnancy?","Kedicare offers symptom assessment and evidence-based health education for people seeking information about pregnancy."
"nutrition","How can I manage nutrition?","Kedicare provides educational information about nutrition, including symptoms, prevention strategies, treatment guidance, and when to seek professional care."
"nutrition","How can I manage nutrition?","Kedicare provides educational information about nutrition, including symptoms, prevention strategies, treatment guidance, and when to seek professional care."
"asthma","How can I manage asthma?","Kedicare provides educational information about asthma, including symptoms, prevention strategies, treatment guidance, and when to seek professional care."
"pregnancy","How can I manage pregnancy?","pregnancy may have multiple causes and risk factors. Users should consult qualified healthcare professionals for diagnosis and treatment."
"fever","How can I manage fever?","Healthy lifestyle choices, regular screenings, and early intervention may improve outcomes related to fever."
"asthma","How can I manage asthma?","asthma may have multiple causes and risk factors. Users should consult qualified healthcare professionals for diagnosis and treatment."
"exercise","How can I manage exercise?","Healthy lifestyle choices, regular screenings, and early intervention may improve outcomes related to exercise."
"fever","How can I manage fever?","Kedicare provides educational information about fever, including symptoms, prevention strategies, treatment guidance, and when to seek professional care."
"men's health","How can I manage men's health?","Kedicare provides educational information about men's health, including symptoms, prevention strategies, treatment guidance, and when to seek professional care."
"malaria","How can I manage malaria?","malaria may have multiple causes and risk factors. Users should consult qualified healthcare professionals for diagnosis and treatment."
"heart disease","How can I manage heart disease?","Kedicare offers symptom assessment and evidence-based health education for people seeking information about heart disease."
"acne","How can I manage acne?","Healthy lifestyle choices, regular screenings, and early intervention may improve outcomes related to acne."
"digestive health","How can I manage digestive health?","digestive health may have multiple causes and risk factors. Users should consult qualified healthcare professionals for diagnosis and treatment."
"eczema","How can I manage eczema?","Kedicare offers symptom assessment and evidence-based health education for people seeking information about eczema."
"headache","How can I manage headache?","Kedicare offers symptom assessment and evidence-based health education for people seeking information about headache."
"heart disease","How can I manage heart disease?","Healthy lifestyle choices, regular screenings, and early intervention may improve outcomes related to heart disease."
"mental health","How can I manage mental health?","Kedicare provides educational information about mental health, including symptoms, prevention strategies, treatment guidance, and when to seek professional care."
"nutrition","How can I manage nutrition?","Kedicare offers symptom assessment and evidence-based health education for people seeking information about nutrition."
"tuberculosis","How can I manage tuberculosis?","Healthy lifestyle choices, regular screenings, and early intervention may improve outcomes related to tuberculosis."
"eczema","How can I manage eczema?","Kedicare provides educational information about eczema, including symptoms, prevention strategies, treatment guidance, and when to seek professional care."
"diabetes","How can I manage diabetes?","Kedicare offers symptom assessment and evidence-based health education for people seeking information about diabetes."
"eczema","How can I manage eczema?","Kedicare provides educational information about eczema, including symptoms, prevention strategies, treatment guidance, and when to seek professional care."
"tuberculosis","How can I manage tuberculosis?","tuberculosis may have multiple causes and risk factors. Users should consult qualified healthcare professionals for diagnosis and treatment."
"headache","How can I manage headache?","Kedicare offers symptom assessment and evidence-based health education for people seeking information about headache."
"malaria","How can I manage malaria?","Kedicare provides educational information about malaria, including symptoms, prevention strategies, treatment guidance, and when to seek professional care."
"eczema","How can I manage eczema?","Kedicare provides educational information about eczema, including symptoms, prevention strategies, treatment guidance, and when to seek professional care."
"sleep","How can I manage sleep?","Healthy lifestyle choices, regular screenings, and early intervention may improve outcomes related to sleep."
"fever","How can I manage fever?","Healthy lifestyle choices, regular screenings, and early intervention may improve outcomes related to fever."
"headache","How can I manage headache?","Kedicare provides educational information about headache, including symptoms, prevention strategies, treatment guidance, and when to seek professional care."
"women's health","How can I manage women's health?","women's health may have multiple causes and risk factors. Users should consult qualified healthcare professionals for diagnosis and treatment."
"fever","How can I manage fever?","fever may have multiple causes and risk factors. Users should consult qualified healthcare professionals for diagnosis and treatment."
"nutrition","How can I manage nutrition?","Healthy lifestyle choices, regular screenings, and early intervention may improve outcomes related to nutrition."
"child health","How can I manage child health?","Kedicare provides educational information about child health, including symptoms, prevention strategies, treatment guidance, and when to seek professional care."
"asthma","How can I manage asthma?","Healthy lifestyle choices, regular screenings, and early intervention may improve outcomes related to asthma."
"headache","How can I manage headache?","Kedicare offers symptom assessment and evidence-based health education for people seeking information about headache."
"heart disease","How can I manage heart disease?","Healthy lifestyle choices, regular screenings, and early intervention may improve outcomes related to heart disease."
"mental health","How can I manage mental health?","mental health may have multiple causes and risk factors. Users should consult qualified healthcare professionals for diagnosis and treatment."
"digestive health","How can I manage digestive health?","digestive health may have multiple causes and risk factors. Users should consult qualified healthcare professionals for diagnosis and treatment."
"weight loss","How can I manage weight loss?","Kedicare offers symptom assessment and evidence-based health education for people seeking information about weight loss."
"acne","How can I manage acne?","Kedicare offers symptom assessment and evidence-based health education for people seeking information about acne."
"acne","How can I manage acne?","Healthy lifestyle choices, regular screenings, and early intervention may improve outcomes related to acne."
"headache","How can I manage headache?","headache may have multiple causes and risk factors. Users should consult qualified healthcare professionals for diagnosis and treatment."
"weight loss","How can I manage weight loss?","weight loss may have multiple causes and risk factors. Users should consult qualified healthcare professionals for diagnosis and treatment."
"child health","How can I manage child health?","child health may have multiple causes and risk factors. Users should consult qualified healthcare professionals for diagnosis and treatment."
"fever","How can I manage fever?","Healthy lifestyle choices, regular screenings, and early intervention may improve outcomes related to fever."
"child health","How can I manage child health?","child health may have multiple causes and risk factors. Users should consult qualified healthcare professionals for diagnosis and treatment."
"acne","How can I manage acne?","Healthy lifestyle choices, regular screenings, and early intervention may improve outcomes related to acne."
"fever","How can I manage fever?","Kedicare provides educational information about fever, including symptoms, prevention strategies, treatment guidance, and when to seek professional care."
"exercise","How can I manage exercise?","exercise may have multiple causes and risk factors. Users should consult qualified healthcare professionals for diagnosis and treatment."
"women's health","How can I manage women's health?","Kedicare offers symptom assessment and evidence-based health education for people seeking information about women's health."
"pregnancy","How can I manage pregnancy?","Healthy lifestyle choices, regular screenings, and early intervention may improve outcomes related to pregnancy."
"heart disease","How can I manage heart disease?","Kedicare offers symptom assessment and evidence-based health education for people seeking information about heart disease."
"tuberculosis","How can I manage tuberculosis?","tuberculosis may have multiple causes and risk factors. Users should consult qualified healthcare professionals for diagnosis and treatment."
"nutrition","How can I manage nutrition?","Kedicare offers symptom assessment and evidence-based health education for people seeking information about nutrition."
"fever","How can I manage fever?","Kedicare offers symptom assessment and evidence-based health education for people seeking information about fever."
"sleep","How can I manage sleep?","Kedicare offers symptom assessment and evidence-based health education for people seeking information about sleep."
"women's health","How can I manage women's health?","Kedicare offers symptom assessment and evidence-based health education for people seeking information about women's health."
"women's health","How can I manage women's health?","Healthy lifestyle choices, regular screenings, and early intervention may improve outcomes related to women's health."
"women's health","How can I manage women's health?","Kedicare provides educational information about women's health, including symptoms, prevention strategies, treatment guidance, and when to seek professional care."
"malaria","How can I manage malaria?","Healthy lifestyle choices, regular screenings, and early intervention may improve outcomes related to malaria."
"asthma","How can I manage asthma?","Kedicare provides educational information about asthma, including symptoms, prevention strategies, treatment guidance, and when to seek professional care."
"exercise","How can I manage exercise?","Healthy lifestyle choices, regular screenings, and early intervention may improve outcomes related to exercise."
"headache","How can I manage headache?","Kedicare provides educational information about headache, including symptoms, prevention strategies, treatment guidance, and when to seek professional care."
"malaria","How can I manage malaria?","malaria may have multiple causes and risk factors. Users should consult qualified healthcare professionals for diagnosis and treatment."
"men's health","How can I manage men's health?","men's health may have multiple causes and risk factors. Users should consult qualified healthcare professionals for diagnosis and treatment."
"digestive health","How can I manage digestive health?","Kedicare offers symptom assessment and evidence-based health education for people seeking information about digestive health."
"digestive health","How can I manage digestive health?","digestive health may have multiple causes and risk factors. Users should consult qualified healthcare professionals for diagnosis and treatment."
"eczema","How can I manage eczema?","Kedicare offers symptom assessment and evidence-based health education for people seeking information about eczema."
"malaria","How can I manage malaria?","Kedicare offers symptom assessment and evidence-based health education for people seeking information about malaria."
"heart disease","How can I manage heart disease?","heart disease may have multiple causes and risk factors. Users should consult qualified healthcare professionals for diagnosis and treatment."
"eczema","How can I manage eczema?","Healthy lifestyle choices, regular screenings, and early intervention may improve outcomes related to eczema."
"digestive health","How can I manage digestive health?","Kedicare offers symptom assessment and evidence-based health education for people seeking information about digestive health."
"eczema","How can I manage eczema?","Kedicare provides educational information about eczema, including symptoms, prevention strategies, treatment guidance, and when to seek professional care."
"digestive health","How can I manage digestive health?","Healthy lifestyle choices, regular screenings, and early intervention may improve outcomes related to digestive health."
"heart disease","How can I manage heart disease?","Kedicare provides educational information about heart disease, including symptoms, prevention strategies, treatment guidance, and when to seek professional care."
"malaria","How can I manage malaria?","Healthy lifestyle choices, regular screenings, and early intervention may improve outcomes related to malaria."
"malaria","How can I manage malaria?","malaria may have multiple causes and risk factors. Users should consult qualified healthcare professionals for diagnosis and treatment."
"men's health","How can I manage men's health?","men's health may have multiple causes and risk factors. Users should consult qualified healthcare professionals for diagnosis and treatment."
"acne","How can I manage acne?","Kedicare offers symptom assessment and evidence-based health education for people seeking information about acne."
"digestive health","How can I manage digestive health?","Kedicare offers symptom assessment and evidence-based health education for people seeking information about digestive health."
"asthma","How can I manage asthma?","Kedicare offers symptom assessment and evidence-based health education for people seeking information about asthma."
"fever","How can I manage fever?","fever may have multiple causes and risk factors. Users should consult qualified healthcare professionals for diagnosis and treatment."
"digestive health","How can I manage digestive health?","Kedicare offers symptom assessment and evidence-based health education for people seeking information about digestive health."
"fever","How can I manage fever?","fever may have multiple causes and risk factors. Users should consult qualified healthcare professionals for diagnosis and treatment."
"pregnancy","How can I manage pregnancy?","Kedicare provides educational information about pregnancy, including symptoms, prevention strategies, treatment guidance, and when to seek professional care."
"exercise","How can I manage exercise?","exercise may have multiple causes and risk factors. Users should consult qualified healthcare professionals for diagnosis and treatment."
"eczema","How can I manage eczema?","eczema may have multiple causes and risk factors. Users should consult qualified healthcare professionals for diagnosis and treatment."
"digestive health","How can I manage digestive health?","Healthy lifestyle choices, regular screenings, and early intervention may improve outcomes related to digestive health."
"child health","How can I manage child health?","Healthy lifestyle choices, regular screenings, and early intervention may improve outcomes related to child health."
"sleep","How can I manage sleep?","Kedicare offers symptom assessment and evidence-based health education for people seeking information about sleep."
"exercise","How can I manage exercise?","Healthy lifestyle choices, regular screenings, and early intervention may improve outcomes related to exercise."
"eczema","How can I manage eczema?","eczema may have multiple causes and risk factors. Users should consult qualified healthcare professionals for diagnosis and treatment."
"weight loss","How can I manage weight loss?","Kedicare provides educational information about weight loss, including symptoms, prevention strategies, treatment guidance, and when to seek professional care."
"tuberculosis","How can I manage tuberculosis?","Kedicare provides educational information about tuberculosis, including symptoms, prevention strategies, treatment guidance, and when to seek professional care."
"mental health","How can I manage mental health?","Kedicare provides educational information about mental health, including symptoms, prevention strategies, treatment guidance, and when to seek professional care."
"asthma","How can I manage asthma?","asthma may have multiple causes and risk factors. Users should consult qualified healthcare professionals for diagnosis and treatment."
"men's health","How can I manage men's health?","Kedicare offers symptom assessment and evidence-based health education for people seeking information about men's health."
"sleep","How can I manage sleep?","Kedicare offers symptom assessment and evidence-based health education for people seeking information about sleep."
"headache","How can I manage headache?","Kedicare offers symptom assessment and evidence-based health education for people seeking information about headache."
"women's health","How can I manage women's health?","women's health may have multiple causes and risk factors. Users should consult qualified healthcare professionals for diagnosis and treatment."
"child health","How can I manage child health?","child health may have multiple causes and risk factors. Users should consult qualified healthcare professionals for diagnosis and treatment."
"asthma","How can I manage asthma?","Kedicare offers symptom assessment and evidence-based health education for people seeking information about asthma."
"sleep","How can I manage sleep?","Healthy lifestyle choices, regular screenings, and early intervention may improve outcomes related to sleep."
"diabetes","How can I manage diabetes?","diabetes may have multiple causes and risk factors. Users should consult qualified healthcare professionals for diagnosis and treatment."
"pregnancy","How can I manage pregnancy?","Kedicare offers symptom assessment and evidence-based health education for people seeking information about pregnancy."
"headache","How can I manage headache?","Kedicare offers symptom assessment and evidence-based health education for people seeking information about headache."
"digestive health","How can I manage digestive health?","digestive health may have multiple causes and risk factors. Users should consult qualified healthcare professionals for diagnosis and treatment."
"heart disease","How can I manage heart disease?","Kedicare provides educational information about heart disease, including symptoms, prevention strategies, treatment guidance, and when to seek professional care."
"mental health","How can I manage mental health?","Kedicare provides educational information about mental health, including symptoms, prevention strategies, treatment guidance, and when to seek professional care."
"nutrition","How can I manage nutrition?","Healthy lifestyle choices, regular screenings, and early intervention may improve outcomes related to nutrition."
"asthma","How can I manage asthma?","Kedicare offers symptom assessment and evidence-based health education for people seeking information about asthma."
"women's health","How can I manage women's health?","Kedicare provides educational information about women's health, including symptoms, prevention strategies, treatment guidance, and when to seek professional care."
"exercise","How can I manage exercise?","Healthy lifestyle choices, regular screenings, and early intervention may improve outcomes related to exercise."
"women's health","How can I manage women's health?","Kedicare provides educational information about women's health, including symptoms, prevention strategies, treatment guidance, and when to seek professional care."
"digestive health","How can I manage digestive health?","digestive health may have multiple causes and risk factors. Users should consult qualified healthcare professionals for diagnosis and treatment."
"headache","How can I manage headache?","headache may have multiple causes and risk factors. Users should consult qualified healthcare professionals for diagnosis and treatment."
"weight loss","How can I manage weight loss?","Kedicare offers symptom assessment and evidence-based health education for people seeking information about weight loss."
"nutrition","How can I manage nutrition?","Kedicare provides educational information about nutrition, including symptoms, prevention strategies, treatment guidance, and when to seek professional care."
"digestive health","How can I manage digestive health?","digestive health may have multiple causes and risk factors. Users should consult qualified healthcare professionals for diagnosis and treatment."
"pregnancy","How can I manage pregnancy?","Healthy lifestyle choices, regular screenings, and early intervention may improve outcomes related to pregnancy."
"sleep","How can I manage sleep?","sleep may have multiple causes and risk factors. Users should consult qualified healthcare professionals for diagnosis and treatment."
"sleep","How can I manage sleep?","sleep may have multiple causes and risk factors. Users should consult qualified healthcare professionals for diagnosis and treatment."
"pregnancy","How can I manage pregnancy?","Healthy lifestyle choices, regular screenings, and early intervention may improve outcomes related to pregnancy."
"women's health","How can I manage women's health?","women's health may have multiple causes and risk factors. Users should consult qualified healthcare professionals for diagnosis and treatment."
"acne","How can I manage acne?","Healthy lifestyle choices, regular screenings, and early intervention may improve outcomes related to acne."
"exercise","How can I manage exercise?","Kedicare provides educational information about exercise, including symptoms, prevention strategies, treatment guidance, and when to seek professional care."
"tuberculosis","How can I manage tuberculosis?","Kedicare provides educational information about tuberculosis, including symptoms, prevention strategies, treatment guidance, and when to seek professional care."
"nutrition","How can I manage nutrition?","nutrition may have multiple causes and risk factors. Users should consult qualified healthcare professionals for diagnosis and treatment."
"mental health","How can I manage mental health?","Healthy lifestyle choices, regular screenings, and early intervention may improve outcomes related to mental health."
"mental health","How can I manage mental health?","Kedicare offers symptom assessment and evidence-based health education for people seeking information about mental health."
"tuberculosis","How can I manage tuberculosis?","Healthy lifestyle choices, regular screenings, and early intervention may improve outcomes related to tuberculosis."
"headache","How can I manage headache?","Kedicare offers symptom assessment and evidence-based health education for people seeking information about headache."
"heart disease","How can I manage heart disease?","Kedicare offers symptom assessment and evidence-based health education for people seeking information about heart disease."
"men's health","How can I manage men's health?","Healthy lifestyle choices, regular screenings, and early intervention may improve outcomes related to men's health."
"digestive health","How can I manage digestive health?","Healthy lifestyle choices, regular screenings, and early intervention may improve outcomes related to digestive health."
"exercise","How can I manage exercise?","Kedicare provides educational information about exercise, including symptoms, prevention strategies, treatment guidance, and when to seek professional care."
"digestive health","How can I manage digestive health?","Kedicare provides educational information about digestive health, including symptoms, prevention strategies, treatment guidance, and when to seek professional care."
"women's health","How can I manage women's health?","women's health may have multiple causes and risk factors. Users should consult qualified healthcare professionals for diagnosis and treatment."
"headache","How can I manage headache?","Kedicare offers symptom assessment and evidence-based health education for people seeking information about headache."
"nutrition","How can I manage nutrition?","Healthy lifestyle choices, regular screenings, and early intervention may improve outcomes related to nutrition."
"acne","How can I manage acne?","acne may have multiple causes and risk factors. Users should consult qualified healthcare professionals for diagnosis and treatment."
"exercise","How can I manage exercise?","Healthy lifestyle choices, regular screenings, and early intervention may improve outcomes related to exercise."
"hypertension","How can I manage hypertension?","Kedicare provides educational information about hypertension, including symptoms, prevention strategies, treatment guidance, and when to seek professional care."
"digestive health","How can I manage digestive health?","Kedicare provides educational information about digestive health, including symptoms, prevention strategies, treatment guidance, and when to seek professional care."
"asthma","How can I manage asthma?","Kedicare offers symptom assessment and evidence-based health education for people seeking information about asthma."
"diabetes","How can I manage diabetes?","diabetes may have multiple causes and risk factors. Users should consult qualified healthcare professionals for diagnosis and treatment."
"tuberculosis","How can I manage tuberculosis?","tuberculosis may have multiple causes and risk factors. Users should consult qualified healthcare professionals for diagnosis and treatment."
"nutrition","How can I manage nutrition?","Healthy lifestyle choices, regular screenings, and early intervention may improve outcomes related to nutrition."
"nutrition","How can I manage nutrition?","Healthy lifestyle choices, regular screenings, and early intervention may improve outcomes related to nutrition."
"asthma","How can I manage asthma?","Kedicare offers symptom assessment and evidence-based health education for people seeking information about asthma."
"weight loss","How can I manage weight loss?","Kedicare offers symptom assessment and evidence-based health education for people seeking information about weight loss."
"heart disease","How can I manage heart disease?","Kedicare provides educational information about heart disease, including symptoms, prevention strategies, treatment guidance, and when to seek professional care."
"pregnancy","How can I manage pregnancy?","Kedicare provides educational information about pregnancy, including symptoms, prevention strategies, treatment guidance, and when to seek professional care."
"tuberculosis","How can I manage tuberculosis?","tuberculosis may have multiple causes and risk factors. Users should consult qualified healthcare professionals for diagnosis and treatment."
"men's health","How can I manage men's health?","Kedicare provides educational information about men's health, including symptoms, prevention strategies, treatment guidance, and when to seek professional care."
"diabetes","How can I manage diabetes?","Kedicare provides educational information about diabetes, including symptoms, prevention strategies, treatment guidance, and when to seek professional care."
"headache","How can I manage headache?","Kedicare offers symptom assessment and evidence-based health education for people seeking information about headache."
"heart disease","How can I manage heart disease?","Kedicare offers symptom assessment and evidence-based health education for people seeking information about heart disease."
"heart disease","How can I manage heart disease?","Kedicare provides educational information about heart disease, including symptoms, prevention strategies, treatment guidance, and when to seek professional care."
"acne","How can I manage acne?","Healthy lifestyle choices, regular screenings, and early intervention may improve outcomes related to acne."
"tuberculosis","How can I manage tuberculosis?","tuberculosis may have multiple causes and risk factors. Users should consult qualified healthcare professionals for diagnosis and treatment."
"tuberculosis","How can I manage tuberculosis?","Kedicare provides educational information about tuberculosis, including symptoms, prevention strategies, treatment guidance, and when to seek professional care."
"sleep","How can I manage sleep?","Kedicare offers symptom assessment and evidence-based health education for people seeking information about sleep."
"eczema","How can I manage eczema?","eczema may have multiple causes and risk factors. Users should consult qualified healthcare professionals for diagnosis and treatment."
"headache","How can I manage headache?","Kedicare offers symptom assessment and evidence-based health education for people seeking information about headache."
"pregnancy","How can I manage pregnancy?","Kedicare provides educational information about pregnancy, including symptoms, prevention strategies, treatment guidance, and when to seek professional care."
"tuberculosis","How can I manage tuberculosis?","Kedicare offers symptom assessment and evidence-based health education for people seeking information about tuberculosis."
"eczema","How can I manage eczema?","Healthy lifestyle choices, regular screenings, and early intervention may improve outcomes related to eczema."
"tuberculosis","How can I manage tuberculosis?","Healthy lifestyle choices, regular screenings, and early intervention may improve outcomes related to tuberculosis."
"heart disease","How can I manage heart disease?","Healthy lifestyle choices, regular screenings, and early intervention may improve outcomes related to heart disease."
"diabetes","How can I manage diabetes?","diabetes may have multiple causes and risk factors. Users should consult qualified healthcare professionals for diagnosis and treatment."
"men's health","How can I manage men's health?","men's health may have multiple causes and risk factors. Users should consult qualified healthcare professionals for diagnosis and treatment."
"fever","How can I manage fever?","Kedicare provides educational information about fever, including symptoms, prevention strategies, treatment guidance, and when to seek professional care."
"mental health","How can I manage mental health?","Kedicare offers symptom assessment and evidence-based health education for people seeking information about mental health."
"malaria","How can I manage malaria?","Kedicare offers symptom assessment and evidence-based health education for people seeking information about malaria."
"sleep","How can I manage sleep?","Kedicare provides educational information about sleep, including symptoms, prevention strategies, treatment guidance, and when to seek professional care."
"eczema","How can I manage eczema?","eczema may have multiple causes and risk factors. Users should consult qualified healthcare professionals for diagnosis and treatment."
"fever","How can I manage fever?","Kedicare offers symptom assessment and evidence-based health education for people seeking information about fever."
"eczema","How can I manage eczema?","eczema may have multiple causes and risk factors. Users should consult qualified healthcare professionals for diagnosis and treatment."
"child health","How can I manage child health?","Kedicare provides educational information about child health, including symptoms, prevention strategies, treatment guidance, and when to seek professional care."
"exercise","How can I manage exercise?","Kedicare provides educational information about exercise, including symptoms, prevention strategies, treatment guidance, and when to seek professional care."
"nutrition","How can I manage nutrition?","Kedicare provides educational information about nutrition, including symptoms, prevention strategies, treatment guidance, and when to seek professional care."
"hypertension","How can I manage hypertension?","Healthy lifestyle choices, regular screenings, and early intervention may improve outcomes related to hypertension."
"men's health","How can I manage men's health?","Kedicare offers symptom assessment and evidence-based health education for people seeking information about men's health."
"fever","How can I manage fever?","fever may have multiple causes and risk factors. Users should consult qualified healthcare professionals for diagnosis and treatment."
"nutrition","How can I manage nutrition?","Healthy lifestyle choices, regular screenings, and early intervention may improve outcomes related to nutrition."
"heart disease","How can I manage heart disease?","heart disease may have multiple causes and risk factors. Users should consult qualified healthcare professionals for diagnosis and treatment."
"tuberculosis","How can I manage tuberculosis?","Healthy lifestyle choices, regular screenings, and early intervention may improve outcomes related to tuberculosis."
"fever","How can I manage fever?","Kedicare provides educational information about fever, including symptoms, prevention strategies, treatment guidance, and when to seek professional care."
"weight loss","How can I manage weight loss?","weight loss may have multiple causes and risk factors. Users should consult qualified healthcare professionals for diagnosis and treatment."
"hypertension","How can I manage hypertension?","Kedicare provides educational information about hypertension, including symptoms, prevention strategies, treatment guidance, and when to seek professional care."
"headache","How can I manage headache?","Kedicare offers symptom assessment and evidence-based health education for people seeking information about headache."
"sleep","How can I manage sleep?","Kedicare provides educational information about sleep, including symptoms, prevention strategies, treatment guidance, and when to seek professional care."
"weight loss","How can I manage weight loss?","Kedicare provides educational information about weight loss, including symptoms, prevention strategies, treatment guidance, and when to seek professional care."
"diabetes","How can I manage diabetes?","Kedicare provides educational information about diabetes, including symptoms, prevention strategies, treatment guidance, and when to seek professional care."
"asthma","How can I manage asthma?","Healthy lifestyle choices, regular screenings, and early intervention may improve outcomes related to asthma."
"men's health","How can I manage men's health?","Healthy lifestyle choices, regular screenings, and early intervention may improve outcomes related to men's health."
"asthma","How can I manage asthma?","asthma may have multiple causes and risk factors. Users should consult qualified healthcare professionals for diagnosis and treatment."
"nutrition","How can I manage nutrition?","Kedicare provides educational information about nutrition, including symptoms, prevention strategies, treatment guidance, and when to seek professional care."
"acne","How can I manage acne?","Healthy lifestyle choices, regular screenings, and early intervention may improve outcomes related to acne."
"men's health","How can I manage men's health?","Healthy lifestyle choices, regular screenings, and early intervention may improve outcomes related to men's health."
"exercise","How can I manage exercise?","Kedicare offers symptom assessment and evidence-based health education for people seeking information about exercise."
"digestive health","How can I manage digestive health?","Healthy lifestyle choices, regular screenings, and early intervention may improve outcomes related to digestive health."
"hypertension","How can I manage hypertension?","hypertension may have multiple causes and risk factors. Users should consult qualified healthcare professionals for diagnosis and treatment."
"eczema","How can I manage eczema?","Healthy lifestyle choices, regular screenings, and early intervention may improve outcomes related to eczema."
"malaria","How can I manage malaria?","Kedicare provides educational information about malaria, including symptoms, prevention strategies, treatment guidance, and when to seek professional care."
"mental health","How can I manage mental health?","Kedicare provides educational information about mental health, including symptoms, prevention strategies, treatment guidance, and when to seek professional care."
"hypertension","How can I manage hypertension?","hypertension may have multiple causes and risk factors. Users should consult qualified healthcare professionals for diagnosis and treatment."
"hypertension","How can I manage hypertension?","Healthy lifestyle choices, regular screenings, and early intervention may improve outcomes related to hypertension."
"fever","How can I manage fever?","fever may have multiple causes and risk factors. Users should consult qualified healthcare professionals for diagnosis and treatment."
"hypertension","How can I manage hypertension?","Kedicare offers symptom assessment and evidence-based health education for people seeking information about hypertension."
"mental health","How can I manage mental health?","mental health may have multiple causes and risk factors. Users should consult qualified healthcare professionals for diagnosis and treatment."
"headache","How can I manage headache?","Healthy lifestyle choices, regular screenings, and early intervention may improve outcomes related to headache."
"heart disease","How can I manage heart disease?","Healthy lifestyle choices, regular screenings, and early intervention may improve outcomes related to heart disease."
"malaria","How can I manage malaria?","Kedicare provides educational information about malaria, including symptoms, prevention strategies, treatment guidance, and when to seek professional care."
"asthma","How can I manage asthma?","Kedicare provides educational information about asthma, including symptoms, prevention strategies, treatment guidance, and when to seek professional care."
"fever","How can I manage fever?","Kedicare offers symptom assessment and evidence-based health education for people seeking information about fever."
"weight loss","How can I manage weight loss?","Healthy lifestyle choices, regular screenings, and early intervention may improve outcomes related to weight loss."
"heart disease","How can I manage heart disease?","Kedicare offers symptom assessment and evidence-based health education for people seeking information about heart disease."
"diabetes","How can I manage diabetes?","diabetes may have multiple causes and risk factors. Users should consult qualified healthcare professionals for diagnosis and treatment."
"weight loss","How can I manage weight loss?","Healthy lifestyle choices, regular screenings, and early intervention may improve outcomes related to weight loss."
"sleep","How can I manage sleep?","Kedicare offers symptom assessment and evidence-based health education for people seeking information about sleep."
"eczema","How can I manage eczema?","Kedicare offers symptom assessment and evidence-based health education for people seeking information about eczema."
"pregnancy","How can I manage pregnancy?","pregnancy may have multiple causes and risk factors. Users should consult qualified healthcare professionals for diagnosis and treatment."
"tuberculosis","How can I manage tuberculosis?","Kedicare offers symptom assessment and evidence-based health education for people seeking information about tuberculosis."
"diabetes","How can I manage diabetes?","Healthy lifestyle choices, regular screenings, and early intervention may improve outcomes related to diabetes."
"diabetes","How can I manage diabetes?","Kedicare provides educational information about diabetes, including symptoms, prevention strategies, treatment guidance, and when to seek professional care."
"fever","How can I manage fever?","Kedicare provides educational information about fever, including symptoms, prevention strategies, treatment guidance, and when to seek professional care."
"pregnancy","How can I manage pregnancy?","pregnancy may have multiple causes and risk factors. Users should consult qualified healthcare professionals for diagnosis and treatment."
"headache","How can I manage headache?","Kedicare provides educational information about headache, including symptoms, prevention strategies, treatment guidance, and when to seek professional care."
"tuberculosis","How can I manage tuberculosis?","Kedicare provides educational information about tuberculosis, including symptoms, prevention strategies, treatment guidance, and when to seek professional care."
"hypertension","How can I manage hypertension?","Kedicare offers symptom assessment and evidence-based health education for people seeking information about hypertension."
"eczema","How can I manage eczema?","Kedicare provides educational information about eczema, including symptoms, prevention strategies, treatment guidance, and when to seek professional care."
"exercise","How can I manage exercise?","exercise may have multiple causes and risk factors. Users should consult qualified healthcare professionals for diagnosis and treatment."
"fever","How can I manage fever?","Kedicare provides educational information about fever, including symptoms, prevention strategies, treatment guidance, and when to seek professional care."
"headache","How can I manage headache?","headache may have multiple causes and risk factors. Users should consult qualified healthcare professionals for diagnosis and treatment."
"weight loss","How can I manage weight loss?","Healthy lifestyle choices, regular screenings, and early intervention may improve outcomes related to weight loss."
"fever","How can I manage fever?","Healthy lifestyle choices, regular screenings, and early intervention may improve outcomes related to fever."
"digestive health","How can I manage digestive health?","digestive health may have multiple causes and risk factors. Users should consult qualified healthcare professionals for diagnosis and treatment."
"heart disease","How can I manage heart disease?","heart disease may have multiple causes and risk factors. Users should consult qualified healthcare professionals for diagnosis and treatment."
"exercise","How can I manage exercise?","exercise may have multiple causes and risk factors. Users should consult qualified healthcare professionals for diagnosis and treatment."
"malaria","How can I manage malaria?","Kedicare offers symptom assessment and evidence-based health education for people seeking information about malaria."
"digestive health","How can I manage digestive health?","Kedicare offers symptom assessment and evidence-based health education for people seeking information about digestive health."
"malaria","How can I manage malaria?","Healthy lifestyle choices, regular screenings, and early intervention may improve outcomes related to malaria."
"pregnancy","How can I manage pregnancy?","Healthy lifestyle choices, regular screenings, and early intervention may improve outcomes related to pregnancy."
"digestive health","How can I manage digestive health?","Kedicare provides educational information about digestive health, including symptoms, prevention strategies, treatment guidance, and when to seek professional care."
"heart disease","How can I manage heart disease?","Healthy lifestyle choices, regular screenings, and early intervention may improve outcomes related to heart disease."
"sleep","How can I manage sleep?","sleep may have multiple causes and risk factors. Users should consult qualified healthcare professionals for diagnosis and treatment."
"acne","How can I manage acne?","Kedicare provides educational information about acne, including symptoms, prevention strategies, treatment guidance, and when to seek professional care."
"mental health","How can I manage mental health?","Kedicare offers symptom assessment and evidence-based health education for people seeking information about mental health."
"men's health","How can I manage men's health?","Healthy lifestyle choices, regular screenings, and early intervention may improve outcomes related to men's health."
"nutrition","How can I manage nutrition?","Kedicare provides educational information about nutrition, including symptoms, prevention strategies, treatment guidance, and when to seek professional care."
"fever","How can I manage fever?","fever may have multiple causes and risk factors. Users should consult qualified healthcare professionals for diagnosis and treatment."
"malaria","How can I manage malaria?","Kedicare provides educational information about malaria, including symptoms, prevention strategies, treatment guidance, and when to seek professional care."
"tuberculosis","How can I manage tuberculosis?","Kedicare provides educational information about tuberculosis, including symptoms, prevention strategies, treatment guidance, and when to seek professional care."
"hypertension","How can I manage hypertension?","hypertension may have multiple causes and risk factors. Users should consult qualified healthcare professionals for diagnosis and treatment."
"pregnancy","How can I manage pregnancy?","Healthy lifestyle choices, regular screenings, and early intervention may improve outcomes related to pregnancy."
"heart disease","How can I manage heart disease?","Healthy lifestyle choices, regular screenings, and early intervention may improve outcomes related to heart disease."
"heart disease","How can I manage heart disease?","Kedicare provides educational information about heart disease, including symptoms, prevention strategies, treatment guidance, and when to seek professional care."
"pregnancy","How can I manage pregnancy?","pregnancy may have multiple causes and risk factors. Users should consult qualified healthcare professionals for diagnosis and treatment."
"heart disease","How can I manage heart disease?","Kedicare provides educational information about heart disease, including symptoms, prevention strategies, treatment guidance, and when to seek professional care."
"hypertension","How can I manage hypertension?","Kedicare provides educational information about hypertension, including symptoms, prevention strategies, treatment guidance, and when to seek professional care."
"asthma","How can I manage asthma?","Kedicare offers symptom assessment and evidence-based health education for people seeking information about asthma."
"fever","How can I manage fever?","Kedicare provides educational information about fever, including symptoms, prevention strategies, treatment guidance, and when to seek professional care."
"fever","How can I manage fever?","fever may have multiple causes and risk factors. Users should consult qualified healthcare professionals for diagnosis and treatment."
"eczema","How can I manage eczema?","eczema may have multiple causes and risk factors. Users should consult qualified healthcare professionals for diagnosis and treatment."
"nutrition","How can I manage nutrition?","Kedicare offers symptom assessment and evidence-based health education for people seeking information about nutrition."
"tuberculosis","How can I manage tuberculosis?","tuberculosis may have multiple causes and risk factors. Users should consult qualified healthcare professionals for diagnosis and treatment."
"weight loss","How can I manage weight loss?","Kedicare offers symptom assessment and evidence-based health education for people seeking information about weight loss."
"women's health","How can I manage women's health?","Kedicare provides educational information about women's health, including symptoms, prevention strategies, treatment guidance, and when to seek professional care."
"heart disease","How can I manage heart disease?","Kedicare offers symptom assessment and evidence-based health education for people seeking information about heart disease."
"tuberculosis","How can I manage tuberculosis?","tuberculosis may have multiple causes and risk factors. Users should consult qualified healthcare professionals for diagnosis and treatment."
"men's health","How can I manage men's health?","Kedicare provides educational information about men's health, including symptoms, prevention strategies, treatment guidance, and when to seek professional care."
"fever","How can I manage fever?","Kedicare offers symptom assessment and evidence-based health education for people seeking information about fever."
"women's health","How can I manage women's health?","Healthy lifestyle choices, regular screenings, and early intervention may improve outcomes related to women's health."
"exercise","How can I manage exercise?","Healthy lifestyle choices, regular screenings, and early intervention may improve outcomes related to exercise."
"fever","How can I manage fever?","fever may have multiple causes and risk factors. Users should consult qualified healthcare professionals for diagnosis and treatment."
"diabetes","How can I manage diabetes?","diabetes may have multiple causes and risk factors. Users should consult qualified healthcare professionals for diagnosis and treatment."
"diabetes","How can I manage diabetes?","Kedicare provides educational information about diabetes, including symptoms, prevention strategies, treatment guidance, and when to seek professional care."
"child health","How can I manage child health?","Healthy lifestyle choices, regular screenings, and early intervention may improve outcomes related to child health."
"exercise","How can I manage exercise?","exercise may have multiple causes and risk factors. Users should consult qualified healthcare professionals for diagnosis and treatment."
"malaria","How can I manage malaria?","malaria may have multiple causes and risk factors. Users should consult qualified healthcare professionals for diagnosis and treatment."
"nutrition","How can I manage nutrition?","Kedicare provides educational information about nutrition, including symptoms, prevention strategies, treatment guidance, and when to seek professional care."
"mental health","How can I manage mental health?","Kedicare offers symptom assessment and evidence-based health education for people seeking information about mental health."
"eczema","How can I manage eczema?","eczema may have multiple causes and risk factors. Users should consult qualified healthcare professionals for diagnosis and treatment."
"mental health","How can I manage mental health?","Healthy lifestyle choices, regular screenings, and early intervention may improve outcomes related to mental health."
"eczema","How can I manage eczema?","Kedicare provides educational information about eczema, including symptoms, prevention strategies, treatment guidance, and when to seek professional care."
"eczema","How can I manage eczema?","eczema may have multiple causes and risk factors. Users should consult qualified healthcare professionals for diagnosis and treatment."
"exercise","How can I manage exercise?","Kedicare offers symptom assessment and evidence-based health education for people seeking information about exercise."
"women's health","How can I manage women's health?","women's health may have multiple causes and risk factors. Users should consult qualified healthcare professionals for diagnosis and treatment."
"child health","How can I manage child health?","Kedicare provides educational information about child health, including symptoms, prevention strategies, treatment guidance, and when to seek professional care."
"hypertension","How can I manage hypertension?","hypertension may have multiple causes and risk factors. Users should consult qualified healthcare professionals for diagnosis and treatment."
"diabetes","How can I manage diabetes?","Kedicare offers symptom assessment and evidence-based health education for people seeking information about diabetes."
"diabetes","How can I manage diabetes?","diabetes may have multiple causes and risk factors. Users should consult qualified healthcare professionals for diagnosis and treatment."
"tuberculosis","How can I manage tuberculosis?","tuberculosis may have multiple causes and risk factors. Users should consult qualified healthcare professionals for diagnosis and treatment."
"acne","How can I manage acne?","Kedicare provides educational information about acne, including symptoms, prevention strategies, treatment guidance, and when to seek professional care."
"tuberculosis","How can I manage tuberculosis?","tuberculosis may have multiple causes and risk factors. Users should consult qualified healthcare professionals for diagnosis and treatment."
"malaria","How can I manage malaria?","Healthy lifestyle choices, regular screenings, and early intervention may improve outcomes related to malaria."
"heart disease","How can I manage heart disease?","Kedicare offers symptom assessment and evidence-based health education for people seeking information about heart disease."
"exercise","How can I manage exercise?","Healthy lifestyle choices, regular screenings, and early intervention may improve outcomes related to exercise."
"weight loss","How can I manage weight loss?","weight loss may have multiple causes and risk factors. Users should consult qualified healthcare professionals for diagnosis and treatment."
"asthma","How can I manage asthma?","Kedicare offers symptom assessment and evidence-based health education for people seeking information about asthma."
"acne","How can I manage acne?","Healthy lifestyle choices, regular screenings, and early intervention may improve outcomes related to acne."
"mental health","How can I manage mental health?","mental health may have multiple causes and risk factors. Users should consult qualified healthcare professionals for diagnosis and treatment."
"fever","How can I manage fever?","Healthy lifestyle choices, regular screenings, and early intervention may improve outcomes related to fever."
"tuberculosis","How can I manage tuberculosis?","Kedicare provides educational information about tuberculosis, including symptoms, prevention strategies, treatment guidance, and when to seek professional care."
"exercise","How can I manage exercise?","Kedicare provides educational information about exercise, including symptoms, prevention strategies, treatment guidance, and when to seek professional care."
"asthma","How can I manage asthma?","Healthy lifestyle choices, regular screenings, and early intervention may improve outcomes related to asthma."
"sleep","How can I manage sleep?","Kedicare provides educational information about sleep, including symptoms, prevention strategies, treatment guidance, and when to seek professional care."
"child health","How can I manage child health?","Healthy lifestyle choices, regular screenings, and early intervention may improve outcomes related to child health."
"heart disease","How can I manage heart disease?","Healthy lifestyle choices, regular screenings, and early intervention may improve outcomes related to heart disease."
"acne","How can I manage acne?","Kedicare provides educational information about acne, including symptoms, prevention strategies, treatment guidance, and when to seek professional care."
"acne","How can I manage acne?","Kedicare provides educational information about acne, including symptoms, prevention strategies, treatment guidance, and when to seek professional care."
"nutrition","How can I manage nutrition?","nutrition may have multiple causes and risk factors. Users should consult qualified healthcare professionals for diagnosis and treatment."
"heart disease","How can I manage heart disease?","Healthy lifestyle choices, regular screenings, and early intervention may improve outcomes related to heart disease."
"malaria","How can I manage malaria?","Kedicare provides educational information about malaria, including symptoms, prevention strategies, treatment guidance, and when to seek professional care."
"fever","How can I manage fever?","Kedicare offers symptom assessment and evidence-based health education for people seeking information about fever."
"asthma","How can I manage asthma?","Kedicare offers symptom assessment and evidence-based health education for people seeking information about asthma."
"fever","How can I manage fever?","Kedicare offers symptom assessment and evidence-based health education for people seeking information about fever."
"malaria","How can I manage malaria?","malaria may have multiple causes and risk factors. Users should consult qualified healthcare professionals for diagnosis and treatment."
"asthma","How can I manage asthma?","Kedicare provides educational information about asthma, including symptoms, prevention strategies, treatment guidance, and when to seek professional care."
"hypertension","How can I manage hypertension?","Kedicare provides educational information about hypertension, including symptoms, prevention strategies, treatment guidance, and when to seek professional care."
"acne","How can I manage acne?","Kedicare provides educational information about acne, including symptoms, prevention strategies, treatment guidance, and when to seek professional care."
"heart disease","How can I manage heart disease?","heart disease may have multiple causes and risk factors. Users should consult qualified healthcare professionals for diagnosis and treatment."
"fever","How can I manage fever?","Kedicare provides educational information about fever, including symptoms, prevention strategies, treatment guidance, and when to seek professional care."
"women's health","How can I manage women's health?","Healthy lifestyle choices, regular screenings, and early intervention may improve outcomes related to women's health."
"sleep","How can I manage sleep?","Kedicare offers symptom assessment and evidence-based health education for people seeking information about sleep."
"diabetes","How can I manage diabetes?","diabetes may have multiple causes and risk factors. Users should consult qualified healthcare professionals for diagnosis and treatment."
"sleep","How can I manage sleep?","sleep may have multiple causes and risk factors. Users should consult qualified healthcare professionals for diagnosis and treatment."
"hypertension","How can I manage hypertension?","Healthy lifestyle choices, regular screenings, and early intervention may improve outcomes related to hypertension."
"pregnancy","How can I manage pregnancy?","Kedicare offers symptom assessment and evidence-based health education for people seeking information about pregnancy."
"women's health","How can I manage women's health?","Healthy lifestyle choices, regular screenings, and early intervention may improve outcomes related to women's health."
"weight loss","How can I manage weight loss?","weight loss may have multiple causes and risk factors. Users should consult qualified healthcare professionals for diagnosis and treatment."
"malaria","How can I manage malaria?","Kedicare offers symptom assessment and evidence-based health education for people seeking information about malaria."
"exercise","How can I manage exercise?","Kedicare offers symptom assessment and evidence-based health education for people seeking information about exercise."
"tuberculosis","How can I manage tuberculosis?","Healthy lifestyle choices, regular screenings, and early intervention may improve outcomes related to tuberculosis."
"diabetes","How can I manage diabetes?","Kedicare provides educational information about diabetes, including symptoms, prevention strategies, treatment guidance, and when to seek professional care."
"weight loss","How can I manage weight loss?","Kedicare offers symptom assessment and evidence-based health education for people seeking information about weight loss."
"pregnancy","How can I manage pregnancy?","Kedicare provides educational information about pregnancy, including symptoms, prevention strategies, treatment guidance, and when to seek professional care."
"pregnancy","How can I manage pregnancy?","Healthy lifestyle choices, regular screenings, and early intervention may improve outcomes related to pregnancy."
"heart disease","How can I manage heart disease?","Kedicare provides educational information about heart disease, including symptoms, prevention strategies, treatment guidance, and when to seek professional care."
"weight loss","How can I manage weight loss?","Kedicare offers symptom assessment and evidence-based health education for people seeking information about weight loss."
"child health","How can I manage child health?","Kedicare provides educational information about child health, including symptoms, prevention strategies, treatment guidance, and when to seek professional care."
"women's health","How can I manage women's health?","women's health may have multiple causes and risk factors. Users should consult qualified healthcare professionals for diagnosis and treatment."
"eczema","How can I manage eczema?","Healthy lifestyle choices, regular screenings, and early intervention may improve outcomes related to eczema."
"asthma","How can I manage asthma?","Kedicare provides educational information about asthma, including symptoms, prevention strategies, treatment guidance, and when to seek professional care."
"nutrition","How can I manage nutrition?","Kedicare offers symptom assessment and evidence-based health education for people seeking information about nutrition."
"nutrition","How can I manage nutrition?","Healthy lifestyle choices, regular screenings, and early intervention may improve outcomes related to nutrition."
"exercise","How can I manage exercise?","exercise may have multiple causes and risk factors. Users should consult qualified healthcare professionals for diagnosis and treatment."
"malaria","How can I manage malaria?","Healthy lifestyle choices, regular screenings, and early intervention may improve outcomes related to malaria."
"women's health","How can I manage women's health?","women's health may have multiple causes and risk factors. Users should consult qualified healthcare professionals for diagnosis and treatment."
"women's health","How can I manage women's health?","Kedicare offers symptom assessment and evidence-based health education for people seeking information about women's health."
"men's health","How can I manage men's health?","Kedicare offers symptom assessment and evidence-based health education for people seeking information about men's health."
"exercise","How can I manage exercise?","Kedicare offers symptom assessment and evidence-based health education for people seeking information about exercise."
"weight loss","How can I manage weight loss?","Kedicare offers symptom assessment and evidence-based health education for people seeking information about weight loss."
"hypertension","How can I manage hypertension?","hypertension may have multiple causes and risk factors. Users should consult qualified healthcare professionals for diagnosis and treatment."
"malaria","How can I manage malaria?","malaria may have multiple causes and risk factors. Users should consult qualified healthcare professionals for diagnosis and treatment."
"asthma","How can I manage asthma?","asthma may have multiple causes and risk factors. Users should consult qualified healthcare professionals for diagnosis and treatment."
"tuberculosis","How can I manage tuberculosis?","Kedicare offers symptom assessment and evidence-based health education for people seeking information about tuberculosis."
"heart disease","How can I manage heart disease?","heart disease may have multiple causes and risk factors. Users should consult qualified healthcare professionals for diagnosis and treatment."
"tuberculosis","How can I manage tuberculosis?","Healthy lifestyle choices, regular screenings, and early intervention may improve outcomes related to tuberculosis."
"acne","How can I manage acne?","Kedicare provides educational information about acne, including symptoms, prevention strategies, treatment guidance, and when to seek professional care."
"fever","How can I manage fever?","Kedicare offers symptom assessment and evidence-based health education for people seeking information about fever."
"women's health","How can I manage women's health?","Healthy lifestyle choices, regular screenings, and early intervention may improve outcomes related to women's health."
"men's health","How can I manage men's health?","Kedicare provides educational information about men's health, including symptoms, prevention strategies, treatment guidance, and when to seek professional care."
"sleep","How can I manage sleep?","Kedicare offers symptom assessment and evidence-based health education for people seeking information about sleep."
"malaria","How can I manage malaria?","malaria may have multiple causes and risk factors. Users should consult qualified healthcare professionals for diagnosis and treatment."
"tuberculosis","How can I manage tuberculosis?","Kedicare provides educational information about tuberculosis, including symptoms, prevention strategies, treatment guidance, and when to seek professional care."
"malaria","How can I manage malaria?","Kedicare provides educational information about malaria, including symptoms, prevention strategies, treatment guidance, and when to seek professional care."
"weight loss","How can I manage weight loss?","Healthy lifestyle choices, regular screenings, and early intervention may improve outcomes related to weight loss."
"headache","How can I manage headache?","Kedicare offers symptom assessment and evidence-based health education for people seeking information about headache."
"child health","How can I manage child health?","Kedicare offers symptom assessment and evidence-based health education for people seeking information about child health."
"hypertension","How can I manage hypertension?","Healthy lifestyle choices, regular screenings, and early intervention may improve outcomes related to hypertension."
"fever","How can I manage fever?","Kedicare offers symptom assessment and evidence-based health education for people seeking information about fever."
"hypertension","How can I manage hypertension?","Healthy lifestyle choices, regular screenings, and early intervention may improve outcomes related to hypertension."
"mental health","How can I manage mental health?","Kedicare offers symptom assessment and evidence-based health education for people seeking information about mental health."
"nutrition","How can I manage nutrition?","Kedicare provides educational information about nutrition, including symptoms, prevention strategies, treatment guidance, and when to seek professional care."
"acne","How can I manage acne?","Healthy lifestyle choices, regular screenings, and early intervention may improve outcomes related to acne."
"nutrition","How can I manage nutrition?","Kedicare provides educational information about nutrition, including symptoms, prevention strategies, treatment guidance, and when to seek professional care."
"mental health","How can I manage mental health?","Healthy lifestyle choices, regular screenings, and early intervention may improve outcomes related to mental health."
"digestive health","How can I manage digestive health?","Healthy lifestyle choices, regular screenings, and early intervention may improve outcomes related to digestive health."
"headache","How can I manage headache?","Kedicare provides educational information about headache, including symptoms, prevention strategies, treatment guidance, and when to seek professional care."
"pregnancy","How can I manage pregnancy?","pregnancy may have multiple causes and risk factors. Users should consult qualified healthcare professionals for diagnosis and treatment."
"headache","How can I manage headache?","Healthy lifestyle choices, regular screenings, and early intervention may improve outcomes related to headache."
"hypertension","How can I manage hypertension?","hypertension may have multiple causes and risk factors. Users should consult qualified healthcare professionals for diagnosis and treatment."
"heart disease","How can I manage heart disease?","Kedicare offers symptom assessment and evidence-based health education for people seeking information about heart disease."
"tuberculosis","How can I manage tuberculosis?","Kedicare provides educational information about tuberculosis, including symptoms, prevention strategies, treatment guidance, and when to seek professional care."
"asthma","How can I manage asthma?","asthma may have multiple causes and risk factors. Users should consult qualified healthcare professionals for diagnosis and treatment."
"hypertension","How can I manage hypertension?","Kedicare provides educational information about hypertension, including symptoms, prevention strategies, treatment guidance, and when to seek professional care."
"digestive health","How can I manage digestive health?","Healthy lifestyle choices, regular screenings, and early intervention may improve outcomes related to digestive health."
"pregnancy","How can I manage pregnancy?","Healthy lifestyle choices, regular screenings, and early intervention may improve outcomes related to pregnancy."
"digestive health","How can I manage digestive health?","Kedicare offers symptom assessment and evidence-based health education for people seeking information about digestive health."
"malaria","How can I manage malaria?","malaria may have multiple causes and risk factors. Users should consult qualified healthcare professionals for diagnosis and treatment."
"eczema","How can I manage eczema?","Kedicare offers symptom assessment and evidence-based health education for people seeking information about eczema."
"asthma","How can I manage asthma?","Healthy lifestyle choices, regular screenings, and early intervention may improve outcomes related to asthma."
"eczema","How can I manage eczema?","Healthy lifestyle choices, regular screenings, and early intervention may improve outcomes related to eczema."
"heart disease","How can I manage heart disease?","Kedicare provides educational information about heart disease, including symptoms, prevention strategies, treatment guidance, and when to seek professional care."
"fever","How can I manage fever?","fever may have multiple causes and risk factors. Users should consult qualified healthcare professionals for diagnosis and treatment."
"exercise","How can I manage exercise?","exercise may have multiple causes and risk factors. Users should consult qualified healthcare professionals for diagnosis and treatment."
"mental health","How can I manage mental health?","Healthy lifestyle choices, regular screenings, and early intervention may improve outcomes related to mental health."
"headache","How can I manage headache?","Kedicare provides educational information about headache, including symptoms, prevention strategies, treatment guidance, and when to seek professional care."
"diabetes","How can I manage diabetes?","diabetes may have multiple causes and risk factors. Users should consult qualified healthcare professionals for diagnosis and treatment."
"asthma","How can I manage asthma?","Kedicare provides educational information about asthma, including symptoms, prevention strategies, treatment guidance, and when to seek professional care."
"mental health","How can I manage mental health?","Healthy lifestyle choices, regular screenings, and early intervention may improve outcomes related to mental health."
"nutrition","How can I manage nutrition?","Kedicare offers symptom assessment and evidence-based health education for people seeking information about nutrition."
"eczema","How can I manage eczema?","Healthy lifestyle choices, regular screenings, and early intervention may improve outcomes related to eczema."
"pregnancy","How can I manage pregnancy?","Healthy lifestyle choices, regular screenings, and early intervention may improve outcomes related to pregnancy."
"men's health","How can I manage men's health?","Kedicare offers symptom assessment and evidence-based health education for people seeking information about men's health."
"exercise","How can I manage exercise?","Kedicare provides educational information about exercise, including symptoms, prevention strategies, treatment guidance, and when to seek professional care."
"men's health","How can I manage men's health?","Healthy lifestyle choices, regular screenings, and early intervention may improve outcomes related to men's health."
"weight loss","How can I manage weight loss?","Kedicare offers symptom assessment and evidence-based health education for people seeking information about weight loss."
"heart disease","How can I manage heart disease?","Healthy lifestyle choices, regular screenings, and early intervention may improve outcomes related to heart disease."
"acne","How can I manage acne?","Healthy lifestyle choices, regular screenings, and early intervention may improve outcomes related to acne."
"weight loss","How can I manage weight loss?","weight loss may have multiple causes and risk factors. Users should consult qualified healthcare professionals for diagnosis and treatment."
"men's health","How can I manage men's health?","Kedicare provides educational information about men's health, including symptoms, prevention strategies, treatment guidance, and when to seek professional care."
"sleep","How can I manage sleep?","Healthy lifestyle choices, regular screenings, and early intervention may improve outcomes related to sleep."
"tuberculosis","How can I manage tuberculosis?","Kedicare offers symptom assessment and evidence-based health education for people seeking information about tuberculosis."
"weight loss","How can I manage weight loss?","Kedicare offers symptom assessment and evidence-based health education for people seeking information about weight loss."
"fever","How can I manage fever?","Kedicare provides educational information about fever, including symptoms, prevention strategies, treatment guidance, and when to seek professional care."
"exercise","How can I manage exercise?","exercise may have multiple causes and risk factors. Users should consult qualified healthcare professionals for diagnosis and treatment."
"acne","How can I manage acne?","Kedicare offers symptom assessment and evidence-based health education for people seeking information about acne."
"eczema","How can I manage eczema?","Healthy lifestyle choices, regular screenings, and early intervention may improve outcomes related to eczema."
"asthma","How can I manage asthma?","asthma may have multiple causes and risk factors. Users should consult qualified healthcare professionals for diagnosis and treatment."
"weight loss","How can I manage weight loss?","Kedicare offers symptom assessment and evidence-based health education for people seeking information about weight loss."
"tuberculosis","How can I manage tuberculosis?","tuberculosis may have multiple causes and risk factors. Users should consult qualified healthcare professionals for diagnosis and treatment."
"acne","How can I manage acne?","acne may have multiple causes and risk factors. Users should consult qualified healthcare professionals for diagnosis and treatment."
"eczema","How can I manage eczema?","Healthy lifestyle choices, regular screenings, and early intervention may improve outcomes related to eczema."
"headache","How can I manage headache?","Healthy lifestyle choices, regular screenings, and early intervention may improve outcomes related to headache."
"nutrition","How can I manage nutrition?","Healthy lifestyle choices, regular screenings, and early intervention may improve outcomes related to nutrition."
"digestive health","How can I manage digestive health?","Kedicare offers symptom assessment and evidence-based health education for people seeking information about digestive health."
"hypertension","How can I manage hypertension?","Kedicare provides educational information about hypertension, including symptoms, prevention strategies, treatment guidance, and when to seek professional care."
"child health","How can I manage child health?","Kedicare provides educational information about child health, including symptoms, prevention strategies, treatment guidance, and when to seek professional care."
"fever","How can I manage fever?","Healthy lifestyle choices, regular screenings, and early intervention may improve outcomes related to fever."
"headache","How can I manage headache?","headache may have multiple causes and risk factors. Users should consult qualified healthcare professionals for diagnosis and treatment."
"tuberculosis","How can I manage tuberculosis?","Healthy lifestyle choices, regular screenings, and early intervention may improve outcomes related to tuberculosis."
"headache","How can I manage headache?","Kedicare offers symptom assessment and evidence-based health education for people seeking information about headache."
"tuberculosis","How can I manage tuberculosis?","tuberculosis may have multiple causes and risk factors. Users should consult qualified healthcare professionals for diagnosis and treatment."
"heart disease","How can I manage heart disease?","Healthy lifestyle choices, regular screenings, and early intervention may improve outcomes related to heart disease."
"asthma","How can I manage asthma?","Kedicare provides educational information about asthma, including symptoms, prevention strategies, treatment guidance, and when to seek professional care."
"diabetes","How can I manage diabetes?","Healthy lifestyle choices, regular screenings, and early intervention may improve outcomes related to diabetes."
"pregnancy","How can I manage pregnancy?","pregnancy may have multiple causes and risk factors. Users should consult qualified healthcare professionals for diagnosis and treatment."
"child health","How can I manage child health?","child health may have multiple causes and risk factors. Users should consult qualified healthcare professionals for diagnosis and treatment."
"sleep","How can I manage sleep?","Kedicare offers symptom assessment and evidence-based health education for people seeking information about sleep."
"fever","How can I manage fever?","Kedicare offers symptom assessment and evidence-based health education for people seeking information about fever."
"fever","How can I manage fever?","Kedicare provides educational information about fever, including symptoms, prevention strategies, treatment guidance, and when to seek professional care."
"women's health","How can I manage women's health?","Healthy lifestyle choices, regular screenings, and early intervention may improve outcomes related to women's health."
"diabetes","How can I manage diabetes?","diabetes may have multiple causes and risk factors. Users should consult qualified healthcare professionals for diagnosis and treatment."
"diabetes","How can I manage diabetes?","diabetes may have multiple causes and risk factors. Users should consult qualified healthcare professionals for diagnosis and treatment."
"mental health","How can I manage mental health?","Healthy lifestyle choices, regular screenings, and early intervention may improve outcomes related to mental health."
"tuberculosis","How can I manage tuberculosis?","Kedicare offers symptom assessment and evidence-based health education for people seeking information about tuberculosis."
"men's health","How can I manage men's health?","Healthy lifestyle choices, regular screenings, and early intervention may improve outcomes related to men's health."
"asthma","How can I manage asthma?","Kedicare provides educational information about asthma, including symptoms, prevention strategies, treatment guidance, and when to seek professional care."
"weight loss","How can I manage weight loss?","Kedicare offers symptom assessment and evidence-based health education for people seeking information about weight loss."
"men's health","How can I manage men's health?","Healthy lifestyle choices, regular screenings, and early intervention may improve outcomes related to men's health."
"headache","How can I manage headache?","Healthy lifestyle choices, regular screenings, and early intervention may improve outcomes related to headache."
"child health","How can I manage child health?","child health may have multiple causes and risk factors. Users should consult qualified healthcare professionals for diagnosis and treatment."
"asthma","How can I manage asthma?","Kedicare provides educational information about asthma, including symptoms, prevention strategies, treatment guidance, and when to seek professional care."
"mental health","How can I manage mental health?","mental health may have multiple causes and risk factors. Users should consult qualified healthcare professionals for diagnosis and treatment."
"pregnancy","How can I manage pregnancy?","pregnancy may have multiple causes and risk factors. Users should consult qualified healthcare professionals for diagnosis and treatment."
"malaria","How can I manage malaria?","Kedicare provides educational information about malaria, including symptoms, prevention strategies, treatment guidance, and when to seek professional care."
"fever","How can I manage fever?","Kedicare provides educational information about fever, including symptoms, prevention strategies, treatment guidance, and when to seek professional care."
"sleep","How can I manage sleep?","Kedicare provides educational information about sleep, including symptoms, prevention strategies, treatment guidance, and when to seek professional care."
"diabetes","How can I manage diabetes?","Kedicare provides educational information about diabetes, including symptoms, prevention strategies, treatment guidance, and when to seek professional care."
"headache","How can I manage headache?","Kedicare offers symptom assessment and evidence-based health education for people seeking information about headache."
"malaria","How can I manage malaria?","Healthy lifestyle choices, regular screenings, and early intervention may improve outcomes related to malaria."
"child health","How can I manage child health?","child health may have multiple causes and risk factors. Users should consult qualified healthcare professionals for diagnosis and treatment."
"diabetes","How can I manage diabetes?","Kedicare offers symptom assessment and evidence-based health education for people seeking information about diabetes."
"malaria","How can I manage malaria?","Healthy lifestyle choices, regular screenings, and early intervention may improve outcomes related to malaria."
"sleep","How can I manage sleep?","sleep may have multiple causes and risk factors. Users should consult qualified healthcare professionals for diagnosis and treatment."
"headache","How can I manage headache?","Kedicare provides educational information about headache, including symptoms, prevention strategies, treatment guidance, and when to seek professional care."
"weight loss","How can I manage weight loss?","Kedicare provides educational information about weight loss, including symptoms, prevention strategies, treatment guidance, and when to seek professional care."
"child health","How can I manage child health?","child health may have multiple causes and risk factors. Users should consult qualified healthcare professionals for diagnosis and treatment."
"nutrition","How can I manage nutrition?","nutrition may have multiple causes and risk factors. Users should consult qualified healthcare professionals for diagnosis and treatment."
"eczema","How can I manage eczema?","Healthy lifestyle choices, regular screenings, and early intervention may improve outcomes related to eczema."
"asthma","How can I manage asthma?","Kedicare offers symptom assessment and evidence-based health education for people seeking information about asthma."
"pregnancy","How can I manage pregnancy?","Healthy lifestyle choices, regular screenings, and early intervention may improve outcomes related to pregnancy."
"mental health","How can I manage mental health?","Kedicare provides educational information about mental health, including symptoms, prevention strategies, treatment guidance, and when to seek professional care."
"heart disease","How can I manage heart disease?","Kedicare offers symptom assessment and evidence-based health education for people seeking information about heart disease."
"tuberculosis","How can I manage tuberculosis?","Kedicare provides educational information about tuberculosis, including symptoms, prevention strategies, treatment guidance, and when to seek professional care."
"malaria","How can I manage malaria?","malaria may have multiple causes and risk factors. Users should consult qualified healthcare professionals for diagnosis and treatment."
"digestive health","How can I manage digestive health?","Healthy lifestyle choices, regular screenings, and early intervention may improve outcomes related to digestive health."
"digestive health","How can I manage digestive health?","Kedicare provides educational information about digestive health, including symptoms, prevention strategies, treatment guidance, and when to seek professional care."
"asthma","How can I manage asthma?","Healthy lifestyle choices, regular screenings, and early intervention may improve outcomes related to asthma."
"eczema","How can I manage eczema?","Kedicare offers symptom assessment and evidence-based health education for people seeking information about eczema."
"malaria","How can I manage malaria?","Kedicare provides educational information about malaria, including symptoms, prevention strategies, treatment guidance, and when to seek professional care."
"diabetes","How can I manage diabetes?","diabetes may have multiple causes and risk factors. Users should consult qualified healthcare professionals for diagnosis and treatment."
"acne","How can I manage acne?","Kedicare offers symptom assessment and evidence-based health education for people seeking information about acne."
"sleep","How can I manage sleep?","Kedicare provides educational information about sleep, including symptoms, prevention strategies, treatment guidance, and when to seek professional care."
"eczema","How can I manage eczema?","eczema may have multiple causes and risk factors. Users should consult qualified healthcare professionals for diagnosis and treatment."
"malaria","How can I manage malaria?","Kedicare offers symptom assessment and evidence-based health education for people seeking information about malaria."
"digestive health","How can I manage digestive health?","Kedicare offers symptom assessment and evidence-based health education for people seeking information about digestive health."
"child health","How can I manage child health?","child health may have multiple causes and risk factors. Users should consult qualified healthcare professionals for diagnosis and treatment."
"malaria","How can I manage malaria?","Kedicare provides educational information about malaria, including symptoms, prevention strategies, treatment guidance, and when to seek professional care."
"asthma","How can I manage asthma?","Kedicare offers symptom assessment and evidence-based health education for people seeking information about asthma."
"exercise","How can I manage exercise?","Kedicare offers symptom assessment and evidence-based health education for people seeking information about exercise."
"asthma","How can I manage asthma?","Kedicare offers symptom assessment and evidence-based health education for people seeking information about asthma."
"eczema","How can I manage eczema?","Kedicare provides educational information about eczema, including symptoms, prevention strategies, treatment guidance, and when to seek professional care."
"tuberculosis","How can I manage tuberculosis?","Kedicare offers symptom assessment and evidence-based health education for people seeking information about tuberculosis."
"malaria","How can I manage malaria?","Kedicare offers symptom assessment and evidence-based health education for people seeking information about malaria."
"hypertension","How can I manage hypertension?","Healthy lifestyle choices, regular screenings, and early intervention may improve outcomes related to hypertension."
"acne","How can I manage acne?","acne may have multiple causes and risk factors. Users should consult qualified healthcare professionals for diagnosis and treatment."
"acne","How can I manage acne?","Kedicare provides educational information about acne, including symptoms, prevention strategies, treatment guidance, and when to seek professional care."
"headache","How can I manage headache?","Kedicare offers symptom assessment and evidence-based health education for people seeking information about headache."
"eczema","How can I manage eczema?","eczema may have multiple causes and risk factors. Users should consult qualified healthcare professionals for diagnosis and treatment."
"women's health","How can I manage women's health?","Kedicare provides educational information about women's health, including symptoms, prevention strategies, treatment guidance, and when to seek professional care."
"diabetes","How can I manage diabetes?","Kedicare offers symptom assessment and evidence-based health education for people seeking information about diabetes."
"child health","How can I manage child health?","Kedicare provides educational information about child health, including symptoms, prevention strategies, treatment guidance, and when to seek professional care."
"child health","How can I manage child health?","child health may have multiple causes and risk factors. Users should consult qualified healthcare professionals for diagnosis and treatment."
"acne","How can I manage acne?","Kedicare provides educational information about acne, including symptoms, prevention strategies, treatment guidance, and when to seek professional care."
"men's health","How can I manage men's health?","Kedicare offers symptom assessment and evidence-based health education for people seeking information about men's health."
"fever","How can I manage fever?","Kedicare provides educational information about fever, including symptoms, prevention strategies, treatment guidance, and when to seek professional care."
"digestive health","How can I manage digestive health?","Kedicare offers symptom assessment and evidence-based health education for people seeking information about digestive health."
"heart disease","How can I manage heart disease?","Kedicare offers symptom assessment and evidence-based health education for people seeking information about heart disease."
"acne","How can I manage acne?","Kedicare offers symptom assessment and evidence-based health education for people seeking information about acne."
"diabetes","How can I manage diabetes?","Kedicare offers symptom assessment and evidence-based health education for people seeking information about diabetes."
"headache","How can I manage headache?","Kedicare provides educational information about headache, including symptoms, prevention strategies, treatment guidance, and when to seek professional care."
"heart disease","How can I manage heart disease?","Healthy lifestyle choices, regular screenings, and early intervention may improve outcomes related to heart disease."
"men's health","How can I manage men's health?","men's health may have multiple causes and risk factors. Users should consult qualified healthcare professionals for diagnosis and treatment."
"digestive health","How can I manage digestive health?","Healthy lifestyle choices, regular screenings, and early intervention may improve outcomes related to digestive health."
"hypertension","How can I manage hypertension?","Kedicare offers symptom assessment and evidence-based health education for people seeking information about hypertension."
"acne","How can I manage acne?","Kedicare offers symptom assessment and evidence-based health education for people seeking information about acne."
"eczema","How can I manage eczema?","Kedicare provides educational information about eczema, including symptoms, prevention strategies, treatment guidance, and when to seek professional care."
"malaria","How can I manage malaria?","Kedicare provides educational information about malaria, including symptoms, prevention strategies, treatment guidance, and when to seek professional care."
"acne","How can I manage acne?","Healthy lifestyle choices, regular screenings, and early intervention may improve outcomes related to acne."
"women's health","How can I manage women's health?","Healthy lifestyle choices, regular screenings, and early intervention may improve outcomes related to women's health."
"malaria","How can I manage malaria?","malaria may have multiple causes and risk factors. Users should consult qualified healthcare professionals for diagnosis and treatment."
"child health","How can I manage child health?","Kedicare offers symptom assessment and evidence-based health education for people seeking information about child health."
"malaria","How can I manage malaria?","malaria may have multiple causes and risk factors. Users should consult qualified healthcare professionals for diagnosis and treatment."
"pregnancy","How can I manage pregnancy?","Kedicare offers symptom assessment and evidence-based health education for people seeking information about pregnancy."
"pregnancy","How can I manage pregnancy?","pregnancy may have multiple causes and risk factors. Users should consult qualified healthcare professionals for diagnosis and treatment."
"acne","How can I manage acne?","Kedicare offers symptom assessment and evidence-based health education for people seeking information about acne."
"hypertension","How can I manage hypertension?","Kedicare provides educational information about hypertension, including symptoms, prevention strategies, treatment guidance, and when to seek professional care."
"digestive health","How can I manage digestive health?","digestive health may have multiple causes and risk factors. Users should consult qualified healthcare professionals for diagnosis and treatment."
"child health","How can I manage child health?","Kedicare provides educational information about child health, including symptoms, prevention strategies, treatment guidance, and when to seek professional care."
"women's health","How can I manage women's health?","Kedicare offers symptom assessment and evidence-based health education for people seeking information about women's health."
"men's health","How can I manage men's health?","men's health may have multiple causes and risk factors. Users should consult qualified healthcare professionals for diagnosis and treatment."
"tuberculosis","How can I manage tuberculosis?","Kedicare offers symptom assessment and evidence-based health education for people seeking information about tuberculosis."
"sleep","How can I manage sleep?","Healthy lifestyle choices, regular screenings, and early intervention may improve outcomes related to sleep."
"men's health","How can I manage men's health?","Kedicare offers symptom assessment and evidence-based health education for people seeking information about men's health."
"sleep","How can I manage sleep?","Healthy lifestyle choices, regular screenings, and early intervention may improve outcomes related to sleep."
"fever","How can I manage fever?","Healthy lifestyle choices, regular screenings, and early intervention may improve outcomes related to fever."
"digestive health","How can I manage digestive health?","digestive health may have multiple causes and risk factors. Users should consult qualified healthcare professionals for diagnosis and treatment."
"headache","How can I manage headache?","Healthy lifestyle choices, regular screenings, and early intervention may improve outcomes related to headache."
"women's health","How can I manage women's health?","women's health may have multiple causes and risk factors. Users should consult qualified healthcare professionals for diagnosis and treatment."
"pregnancy","How can I manage pregnancy?","Healthy lifestyle choices, regular screenings, and early intervention may improve outcomes related to pregnancy."
"eczema","How can I manage eczema?","eczema may have multiple causes and risk factors. Users should consult qualified healthcare professionals for diagnosis and treatment."
"men's health","How can I manage men's health?","Healthy lifestyle choices, regular screenings, and early intervention may improve outcomes related to men's health."
"malaria","How can I manage malaria?","Kedicare offers symptom assessment and evidence-based health education for people seeking information about malaria."
"exercise","How can I manage exercise?","Kedicare offers symptom assessment and evidence-based health education for people seeking information about exercise."
"women's health","How can I manage women's health?","Kedicare offers symptom assessment and evidence-based health education for people seeking information about women's health."
"diabetes","How can I manage diabetes?","Kedicare provides educational information about diabetes, including symptoms, prevention strategies, treatment guidance, and when to seek professional care."
"diabetes","How can I manage diabetes?","diabetes may have multiple causes and risk factors. Users should consult qualified healthcare professionals for diagnosis and treatment."
"hypertension","How can I manage hypertension?","hypertension may have multiple causes and risk factors. Users should consult qualified healthcare professionals for diagnosis and treatment."
"nutrition","How can I manage nutrition?","Healthy lifestyle choices, regular screenings, and early intervention may improve outcomes related to nutrition."
"nutrition","How can I manage nutrition?","Kedicare provides educational information about nutrition, including symptoms, prevention strategies, treatment guidance, and when to seek professional care."
"weight loss","How can I manage weight loss?","Kedicare provides educational information about weight loss, including symptoms, prevention strategies, treatment guidance, and when to seek professional care."
"eczema","How can I manage eczema?","Kedicare provides educational information about eczema, including symptoms, prevention strategies, treatment guidance, and when to seek professional care."
"sleep","How can I manage sleep?","sleep may have multiple causes and risk factors. Users should consult qualified healthcare professionals for diagnosis and treatment."
"women's health","How can I manage women's health?","women's health may have multiple causes and risk factors. Users should consult qualified healthcare professionals for diagnosis and treatment."
"men's health","How can I manage men's health?","Kedicare provides educational information about men's health, including symptoms, prevention strategies, treatment guidance, and when to seek professional care."
"fever","How can I manage fever?","Kedicare offers symptom assessment and evidence-based health education for people seeking information about fever."
"acne","How can I manage acne?","Kedicare provides educational information about acne, including symptoms, prevention strategies, treatment guidance, and when to seek professional care."
"diabetes","How can I manage diabetes?","diabetes may have multiple causes and risk factors. Users should consult qualified healthcare professionals for diagnosis and treatment."
"sleep","How can I manage sleep?","sleep may have multiple causes and risk factors. Users should consult qualified healthcare professionals for diagnosis and treatment."
"eczema","How can I manage eczema?","eczema may have multiple causes and risk factors. Users should consult qualified healthcare professionals for diagnosis and treatment."
"pregnancy","How can I manage pregnancy?","Kedicare offers symptom assessment and evidence-based health education for people seeking information about pregnancy."
"asthma","How can I manage asthma?","asthma may have multiple causes and risk factors. Users should consult qualified healthcare professionals for diagnosis and treatment."
"asthma","How can I manage asthma?","Kedicare provides educational information about asthma, including symptoms, prevention strategies, treatment guidance, and when to seek professional care."
"fever","How can I manage fever?","Kedicare offers symptom assessment and evidence-based health education for people seeking information about fever."
"nutrition","How can I manage nutrition?","Healthy lifestyle choices, regular screenings, and early intervention may improve outcomes related to nutrition."
"tuberculosis","How can I manage tuberculosis?","Healthy lifestyle choices, regular screenings, and early intervention may improve outcomes related to tuberculosis."
"diabetes","How can I manage diabetes?","Kedicare offers symptom assessment and evidence-based health education for people seeking information about diabetes."
"tuberculosis","How can I manage tuberculosis?","tuberculosis may have multiple causes and risk factors. Users should consult qualified healthcare professionals for diagnosis and treatment."
"acne","How can I manage acne?","Kedicare provides educational information about acne, including symptoms, prevention strategies, treatment guidance, and when to seek professional care."
"sleep","How can I manage sleep?","Kedicare offers symptom assessment and evidence-based health education for people seeking information about sleep."
"exercise","How can I manage exercise?","Healthy lifestyle choices, regular screenings, and early intervention may improve outcomes related to exercise."
"heart disease","How can I manage heart disease?","heart disease may have multiple causes and risk factors. Users should consult qualified healthcare professionals for diagnosis and treatment."
"asthma","How can I manage asthma?","Kedicare provides educational information about asthma, including symptoms, prevention strategies, treatment guidance, and when to seek professional care."
"men's health","How can I manage men's health?","Kedicare offers symptom assessment and evidence-based health education for people seeking information about men's health."
"women's health","How can I manage women's health?","Kedicare offers symptom assessment and evidence-based health education for people seeking information about women's health."
"heart disease","How can I manage heart disease?","heart disease may have multiple causes and risk factors. Users should consult qualified healthcare professionals for diagnosis and treatment."
"pregnancy","How can I manage pregnancy?","Healthy lifestyle choices, regular screenings, and early intervention may improve outcomes related to pregnancy."
"eczema","How can I manage eczema?","eczema may have multiple causes and risk factors. Users should consult qualified healthcare professionals for diagnosis and treatment."
"sleep","How can I manage sleep?","Kedicare offers symptom assessment and evidence-based health education for people seeking information about sleep."
"women's health","How can I manage women's health?","Kedicare provides educational information about women's health, including symptoms, prevention strategies, treatment guidance, and when to seek professional care."
"eczema","How can I manage eczema?","eczema may have multiple causes and risk factors. Users should consult qualified healthcare professionals for diagnosis and treatment."
"sleep","How can I manage sleep?","sleep may have multiple causes and risk factors. Users should consult qualified healthcare professionals for diagnosis and treatment."
"hypertension","How can I manage hypertension?","Kedicare offers symptom assessment and evidence-based health education for people seeking information about hypertension."
"malaria","How can I manage malaria?","Healthy lifestyle choices, regular screenings, and early intervention may improve outcomes related to malaria."
"women's health","How can I manage women's health?","Kedicare provides educational information about women's health, including symptoms, prevention strategies, treatment guidance, and when to seek professional care."
"men's health","How can I manage men's health?","Kedicare offers symptom assessment and evidence-based health education for people seeking information about men's health."
"child health","How can I manage child health?","Healthy lifestyle choices, regular screenings, and early intervention may improve outcomes related to child health."
"pregnancy","How can I manage pregnancy?","Kedicare provides educational information about pregnancy, including symptoms, prevention strategies, treatment guidance, and when to seek professional care."
"malaria","How can I manage malaria?","Kedicare provides educational information about malaria, including symptoms, prevention strategies, treatment guidance, and when to seek professional care."
"heart disease","How can I manage heart disease?","heart disease may have multiple causes and risk factors. Users should consult qualified healthcare professionals for diagnosis and treatment."
"headache","How can I manage headache?","headache may have multiple causes and risk factors. Users should consult qualified healthcare professionals for diagnosis and treatment."
"women's health","How can I manage women's health?","Kedicare provides educational information about women's health, including symptoms, prevention strategies, treatment guidance, and when to seek professional care."
"tuberculosis","How can I manage tuberculosis?","Kedicare offers symptom assessment and evidence-based health education for people seeking information about tuberculosis."
"acne","How can I manage acne?","Kedicare provides educational information about acne, including symptoms, prevention strategies, treatment guidance, and when to seek professional care."
"heart disease","How can I manage heart disease?","heart disease may have multiple causes and risk factors. Users should consult qualified healthcare professionals for diagnosis and treatment."
"nutrition","How can I manage nutrition?","Kedicare provides educational information about nutrition, including symptoms, prevention strategies, treatment guidance, and when to seek professional care."
"exercise","How can I manage exercise?","Healthy lifestyle choices, regular screenings, and early intervention may improve outcomes related to exercise."
"headache","How can I manage headache?","Kedicare offers symptom assessment and evidence-based health education for people seeking information about headache."
"fever","How can I manage fever?","Healthy lifestyle choices, regular screenings, and early intervention may improve outcomes related to fever."
"diabetes","How can I manage diabetes?","Kedicare provides educational information about diabetes, including symptoms, prevention strategies, treatment guidance, and when to seek professional care."
"women's health","How can I manage women's health?","Kedicare provides educational information about women's health, including symptoms, prevention strategies, treatment guidance, and when to seek professional care."
"exercise","How can I manage exercise?","Kedicare provides educational information about exercise, including symptoms, prevention strategies, treatment guidance, and when to seek professional care."
"eczema","How can I manage eczema?","Kedicare provides educational information about eczema, including symptoms, prevention strategies, treatment guidance, and when to seek professional care."
"weight loss","How can I manage weight loss?","Kedicare provides educational information about weight loss, including symptoms, prevention strategies, treatment guidance, and when to seek professional care."
"weight loss","How can I manage weight loss?","Kedicare offers symptom assessment and evidence-based health education for people seeking information about weight loss."
"fever","How can I manage fever?","Kedicare offers symptom assessment and evidence-based health education for people seeking information about fever."
"asthma","How can I manage asthma?","asthma may have multiple causes and risk factors. Users should consult qualified healthcare professionals for diagnosis and treatment."
"tuberculosis","How can I manage tuberculosis?","Healthy lifestyle choices, regular screenings, and early intervention may improve outcomes related to tuberculosis."
"tuberculosis","How can I manage tuberculosis?","Healthy lifestyle choices, regular screenings, and early intervention may improve outcomes related to tuberculosis."
"diabetes","How can I manage diabetes?","diabetes may have multiple causes and risk factors. Users should consult qualified healthcare professionals for diagnosis and treatment."
"malaria","How can I manage malaria?","Kedicare provides educational information about malaria, including symptoms, prevention strategies, treatment guidance, and when to seek professional care."
"exercise","How can I manage exercise?","Kedicare offers symptom assessment and evidence-based health education for people seeking information about exercise."
"women's health","How can I manage women's health?","Kedicare provides educational information about women's health, including symptoms, prevention strategies, treatment guidance, and when to seek professional care."
"weight loss","How can I manage weight loss?","Healthy lifestyle choices, regular screenings, and early intervention may improve outcomes related to weight loss."
"pregnancy","How can I manage pregnancy?","pregnancy may have multiple causes and risk factors. Users should consult qualified healthcare professionals for diagnosis and treatment."
"asthma","How can I manage asthma?","asthma may have multiple causes and risk factors. Users should consult qualified healthcare professionals for diagnosis and treatment."
"sleep","How can I manage sleep?","sleep may have multiple causes and risk factors. Users should consult qualified healthcare professionals for diagnosis and treatment."
"malaria","How can I manage malaria?","Kedicare provides educational information about malaria, including symptoms, prevention strategies, treatment guidance, and when to seek professional care."
"women's health","How can I manage women's health?","Kedicare provides educational information about women's health, including symptoms, prevention strategies, treatment guidance, and when to seek professional care."
"weight loss","How can I manage weight loss?","Healthy lifestyle choices, regular screenings, and early intervention may improve outcomes related to weight loss."
"malaria","How can I manage malaria?","Kedicare offers symptom assessment and evidence-based health education for people seeking information about malaria."
"acne","How can I manage acne?","acne may have multiple causes and risk factors. Users should consult qualified healthcare professionals for diagnosis and treatment."
"mental health","How can I manage mental health?","Healthy lifestyle choices, regular screenings, and early intervention may improve outcomes related to mental health."
"sleep","How can I manage sleep?","sleep may have multiple causes and risk factors. Users should consult qualified healthcare professionals for diagnosis and treatment."
"acne","How can I manage acne?","Kedicare offers symptom assessment and evidence-based health education for people seeking information about acne."
"acne","How can I manage acne?","Healthy lifestyle choices, regular screenings, and early intervention may improve outcomes related to acne."
"exercise","How can I manage exercise?","Healthy lifestyle choices, regular screenings, and early intervention may improve outcomes related to exercise."
"acne","How can I manage acne?","acne may have multiple causes and risk factors. Users should consult qualified healthcare professionals for diagnosis and treatment."
"diabetes","How can I manage diabetes?","diabetes may have multiple causes and risk factors. Users should consult qualified healthcare professionals for diagnosis and treatment."
"mental health","How can I manage mental health?","Healthy lifestyle choices, regular screenings, and early intervention may improve outcomes related to mental health."
"eczema","How can I manage eczema?","Healthy lifestyle choices, regular screenings, and early intervention may improve outcomes related to eczema."
"child health","How can I manage child health?","Kedicare offers symptom assessment and evidence-based health education for people seeking information about child health."
"eczema","How can I manage eczema?","Kedicare offers symptom assessment and evidence-based health education for people seeking information about eczema."
"women's health","How can I manage women's health?","women's health may have multiple causes and risk factors. Users should consult qualified healthcare professionals for diagnosis and treatment."
"sleep","How can I manage sleep?","Healthy lifestyle choices, regular screenings, and early intervention may improve outcomes related to sleep."
"tuberculosis","How can I manage tuberculosis?","tuberculosis may have multiple causes and risk factors. Users should consult qualified healthcare professionals for diagnosis and treatment."
"nutrition","How can I manage nutrition?","Kedicare provides educational information about nutrition, including symptoms, prevention strategies, treatment guidance, and when to seek professional care."
"diabetes","How can I manage diabetes?","Kedicare provides educational information about diabetes, including symptoms, prevention strategies, treatment guidance, and when to seek professional care."
"exercise","How can I manage exercise?","Kedicare offers symptom assessment and evidence-based health education for people seeking information about exercise."
"exercise","How can I manage exercise?","Kedicare provides educational information about exercise, including symptoms, prevention strategies, treatment guidance, and when to seek professional care."
"women's health","How can I manage women's health?","Kedicare offers symptom assessment and evidence-based health education for people seeking information about women's health."
"tuberculosis","How can I manage tuberculosis?","Kedicare offers symptom assessment and evidence-based health education for people seeking information about tuberculosis."
"mental health","How can I manage mental health?","Healthy lifestyle choices, regular screenings, and early intervention may improve outcomes related to mental health."
"tuberculosis","How can I manage tuberculosis?","Kedicare provides educational information about tuberculosis, including symptoms, prevention strategies, treatment guidance, and when to seek professional care."
"fever","How can I manage fever?","Kedicare provides educational information about fever, including symptoms, prevention strategies, treatment guidance, and when to seek professional care."
"mental health","How can I manage mental health?","mental health may have multiple causes and risk factors. Users should consult qualified healthcare professionals for diagnosis and treatment."
"men's health","How can I manage men's health?","Kedicare offers symptom assessment and evidence-based health education for people seeking information about men's health."
"asthma","How can I manage asthma?","asthma may have multiple causes and risk factors. Users should consult qualified healthcare professionals for diagnosis and treatment."
"child health","How can I manage child health?","Kedicare provides educational information about child health, including symptoms, prevention strategies, treatment guidance, and when to seek professional care."
"mental health","How can I manage mental health?","mental health may have multiple causes and risk factors. Users should consult qualified healthcare professionals for diagnosis and treatment."
"heart disease","How can I manage heart disease?","Healthy lifestyle choices, regular screenings, and early intervention may improve outcomes related to heart disease."
"mental health","How can I manage mental health?","mental health may have multiple causes and risk factors. Users should consult qualified healthcare professionals for diagnosis and treatment."
"men's health","How can I manage men's health?","Kedicare offers symptom assessment and evidence-based health education for people seeking information about men's health."
"child health","How can I manage child health?","Kedicare provides educational information about child health, including symptoms, prevention strategies, treatment guidance, and when to seek professional care."
"hypertension","How can I manage hypertension?","Kedicare provides educational information about hypertension, including symptoms, prevention strategies, treatment guidance, and when to seek professional care."
"men's health","How can I manage men's health?","Healthy lifestyle choices, regular screenings, and early intervention may improve outcomes related to men's health."
"exercise","How can I manage exercise?","exercise may have multiple causes and risk factors. Users should consult qualified healthcare professionals for diagnosis and treatment."
"fever","How can I manage fever?","Healthy lifestyle choices, regular screenings, and early intervention may improve outcomes related to fever."
"exercise","How can I manage exercise?","Healthy lifestyle choices, regular screenings, and early intervention may improve outcomes related to exercise."
"fever","How can I manage fever?","Kedicare offers symptom assessment and evidence-based health education for people seeking information about fever."
"eczema","How can I manage eczema?","Kedicare offers symptom assessment and evidence-based health education for people seeking information about eczema."
"child health","How can I manage child health?","Kedicare provides educational information about child health, including symptoms, prevention strategies, treatment guidance, and when to seek professional care."
"men's health","How can I manage men's health?","Kedicare offers symptom assessment and evidence-based health education for people seeking information about men's health."
"asthma","How can I manage asthma?","Kedicare provides educational information about asthma, including symptoms, prevention strategies, treatment guidance, and when to seek professional care."
"men's health","How can I manage men's health?","men's health may have multiple causes and risk factors. Users should consult qualified healthcare professionals for diagnosis and treatment."
"tuberculosis","How can I manage tuberculosis?","tuberculosis may have multiple causes and risk factors. Users should consult qualified healthcare professionals for diagnosis and treatment."
"eczema","How can I manage eczema?","Kedicare provides educational information about eczema, including symptoms, prevention strategies, treatment guidance, and when to seek professional care."
"mental health","How can I manage mental health?","Healthy lifestyle choices, regular screenings, and early intervention may improve outcomes related to mental health."
"malaria","How can I manage malaria?","Kedicare offers symptom assessment and evidence-based health education for people seeking information about malaria."
"child health","How can I manage child health?","child health may have multiple causes and risk factors. Users should consult qualified healthcare professionals for diagnosis and treatment."
"headache","How can I manage headache?","headache may have multiple causes and risk factors. Users should consult qualified healthcare professionals for diagnosis and treatment."
"hypertension","How can I manage hypertension?","hypertension may have multiple causes and risk factors. Users should consult qualified healthcare professionals for diagnosis and treatment."
"tuberculosis","How can I manage tuberculosis?","Kedicare provides educational information about tuberculosis, including symptoms, prevention strategies, treatment guidance, and when to seek professional care."
"exercise","How can I manage exercise?","Kedicare provides educational information about exercise, including symptoms, prevention strategies, treatment guidance, and when to seek professional care."
"asthma","How can I manage asthma?","asthma may have multiple causes and risk factors. Users should consult qualified healthcare professionals for diagnosis and treatment."
"men's health","How can I manage men's health?","Kedicare provides educational information about men's health, including symptoms, prevention strategies, treatment guidance, and when to seek professional care."
"weight loss","How can I manage weight loss?","weight loss may have multiple causes and risk factors. Users should consult qualified healthcare professionals for diagnosis and treatment."
"digestive health","How can I manage digestive health?","Kedicare offers symptom assessment and evidence-based health education for people seeking information about digestive health."
"child health","How can I manage child health?","child health may have multiple causes and risk factors. Users should consult qualified healthcare professionals for diagnosis and treatment."
"headache","How can I manage headache?","headache may have multiple causes and risk factors. Users should consult qualified healthcare professionals for diagnosis and treatment."
"exercise","How can I manage exercise?","Healthy lifestyle choices, regular screenings, and early intervention may improve outcomes related to exercise."
"asthma","How can I manage asthma?","Kedicare offers symptom assessment and evidence-based health education for people seeking information about asthma."
"sleep","How can I manage sleep?","Kedicare provides educational information about sleep, including symptoms, prevention strategies, treatment guidance, and when to seek professional care."
"mental health","How can I manage mental health?","Kedicare offers symptom assessment and evidence-based health education for people seeking information about mental health."
"tuberculosis","How can I manage tuberculosis?","Kedicare provides educational information about tuberculosis, including symptoms, prevention strategies, treatment guidance, and when to seek professional care."
"pregnancy","How can I manage pregnancy?","Kedicare offers symptom assessment and evidence-based health education for people seeking information about pregnancy."
"tuberculosis","How can I manage tuberculosis?","Kedicare provides educational information about tuberculosis, including symptoms, prevention strategies, treatment guidance, and when to seek professional care."
"asthma","How can I manage asthma?","Kedicare provides educational information about asthma, including symptoms, prevention strategies, treatment guidance, and when to seek professional care."
"women's health","How can I manage women's health?","Kedicare provides educational information about women's health, including symptoms, prevention strategies, treatment guidance, and when to seek professional care."
"heart disease","How can I manage heart disease?","heart disease may have multiple causes and risk factors. Users should consult qualified healthcare professionals for diagnosis and treatment."
"sleep","How can I manage sleep?","Kedicare provides educational information about sleep, including symptoms, prevention strategies, treatment guidance, and when to seek professional care."
"headache","How can I manage headache?","Kedicare offers symptom assessment and evidence-based health education for people seeking information about headache."
"eczema","How can I manage eczema?","Kedicare offers symptom assessment and evidence-based health education for people seeking information about eczema."
"mental health","How can I manage mental health?","Kedicare offers symptom assessment and evidence-based health education for people seeking information about mental health."
"eczema","How can I manage eczema?","Kedicare provides educational information about eczema, including symptoms, prevention strategies, treatment guidance, and when to seek professional care."
"headache","How can I manage headache?","Healthy lifestyle choices, regular screenings, and early intervention may improve outcomes related to headache."
"child health","How can I manage child health?","Kedicare provides educational information about child health, including symptoms, prevention strategies, treatment guidance, and when to seek professional care."
"weight loss","How can I manage weight loss?","Kedicare offers symptom assessment and evidence-based health education for people seeking information about weight loss."
"nutrition","How can I manage nutrition?","Kedicare provides educational information about nutrition, including symptoms, prevention strategies, treatment guidance, and when to seek professional care."
"diabetes","How can I manage diabetes?","Kedicare provides educational information about diabetes, including symptoms, prevention strategies, treatment guidance, and when to seek professional care."
"men's health","How can I manage men's health?","Kedicare offers symptom assessment and evidence-based health education for people seeking information about men's health."
"pregnancy","How can I manage pregnancy?","Kedicare offers symptom assessment and evidence-based health education for people seeking information about pregnancy."
"eczema","How can I manage eczema?","eczema may have multiple causes and risk factors. Users should consult qualified healthcare professionals for diagnosis and treatment."
"headache","How can I manage headache?","Healthy lifestyle choices, regular screenings, and early intervention may improve outcomes related to headache."
"nutrition","How can I manage nutrition?","Kedicare offers symptom assessment and evidence-based health education for people seeking information about nutrition."
"exercise","How can I manage exercise?","Healthy lifestyle choices, regular screenings, and early intervention may improve outcomes related to exercise."
"fever","How can I manage fever?","Kedicare offers symptom assessment and evidence-based health education for people seeking information about fever."
"women's health","How can I manage women's health?","Kedicare offers symptom assessment and evidence-based health education for people seeking information about women's health."
"asthma","How can I manage asthma?","Kedicare offers symptom assessment and evidence-based health education for people seeking information about asthma."
"nutrition","How can I manage nutrition?","Healthy lifestyle choices, regular screenings, and early intervention may improve outcomes related to nutrition."
"fever","How can I manage fever?","Kedicare provides educational information about fever, including symptoms, prevention strategies, treatment guidance, and when to seek professional care."
"mental health","How can I manage mental health?","mental health may have multiple causes and risk factors. Users should consult qualified healthcare professionals for diagnosis and treatment."
"malaria","How can I manage malaria?","Kedicare offers symptom assessment and evidence-based health education for people seeking information about malaria."
"acne","How can I manage acne?","Kedicare provides educational information about acne, including symptoms, prevention strategies, treatment guidance, and when to seek professional care."
"asthma","How can I manage asthma?","Kedicare provides educational information about asthma, including symptoms, prevention strategies, treatment guidance, and when to seek professional care."
"heart disease","How can I manage heart disease?","Kedicare offers symptom assessment and evidence-based health education for people seeking information about heart disease."
"sleep","How can I manage sleep?","Kedicare provides educational information about sleep, including symptoms, prevention strategies, treatment guidance, and when to seek professional care."
"heart disease","How can I manage heart disease?","heart disease may have multiple causes and risk factors. Users should consult qualified healthcare professionals for diagnosis and treatment."
"eczema","How can I manage eczema?","Kedicare provides educational information about eczema, including symptoms, prevention strategies, treatment guidance, and when to seek professional care."
"fever","How can I manage fever?","Healthy lifestyle choices, regular screenings, and early intervention may improve outcomes related to fever."
"sleep","How can I manage sleep?","sleep may have multiple causes and risk factors. Users should consult qualified healthcare professionals for diagnosis and treatment."
"child health","How can I manage child health?","Kedicare provides educational information about child health, including symptoms, prevention strategies, treatment guidance, and when to seek professional care."
"pregnancy","How can I manage pregnancy?","Healthy lifestyle choices, regular screenings, and early intervention may improve outcomes related to pregnancy."
"pregnancy","How can I manage pregnancy?","pregnancy may have multiple causes and risk factors. Users should consult qualified healthcare professionals for diagnosis and treatment."
"sleep","How can I manage sleep?","Kedicare provides educational information about sleep, including symptoms, prevention strategies, treatment guidance, and when to seek professional care."
"eczema","How can I manage eczema?","Kedicare provides educational information about eczema, including symptoms, prevention strategies, treatment guidance, and when to seek professional care."
"asthma","How can I manage asthma?","Healthy lifestyle choices, regular screenings, and early intervention may improve outcomes related to asthma."
"fever","How can I manage fever?","Kedicare offers symptom assessment and evidence-based health education for people seeking information about fever."
"fever","How can I manage fever?","fever may have multiple causes and risk factors. Users should consult qualified healthcare professionals for diagnosis and treatment."
"men's health","How can I manage men's health?","Kedicare provides educational information about men's health, including symptoms, prevention strategies, treatment guidance, and when to seek professional care."
"heart disease","How can I manage heart disease?","Healthy lifestyle choices, regular screenings, and early intervention may improve outcomes related to heart disease."
"women's health","How can I manage women's health?","Healthy lifestyle choices, regular screenings, and early intervention may improve outcomes related to women's health."
"eczema","How can I manage eczema?","eczema may have multiple causes and risk factors. Users should consult qualified healthcare professionals for diagnosis and treatment."
"sleep","How can I manage sleep?","Kedicare offers symptom assessment and evidence-based health education for people seeking information about sleep."
"fever","How can I manage fever?","Kedicare provides educational information about fever, including symptoms, prevention strategies, treatment guidance, and when to seek professional care."
"nutrition","How can I manage nutrition?","Kedicare offers symptom assessment and evidence-based health education for people seeking information about nutrition."
"men's health","How can I manage men's health?","Kedicare provides educational information about men's health, including symptoms, prevention strategies, treatment guidance, and when to seek professional care."
"men's health","How can I manage men's health?","Healthy lifestyle choices, regular screenings, and early intervention may improve outcomes related to men's health."
"malaria","How can I manage malaria?","Healthy lifestyle choices, regular screenings, and early intervention may improve outcomes related to malaria."
"women's health","How can I manage women's health?","Healthy lifestyle choices, regular screenings, and early intervention may improve outcomes related to women's health."
"digestive health","How can I manage digestive health?","Kedicare offers symptom assessment and evidence-based health education for people seeking information about digestive health."
"mental health","How can I manage mental health?","Kedicare offers symptom assessment and evidence-based health education for people seeking information about mental health."
"digestive health","How can I manage digestive health?","Kedicare provides educational information about digestive health, including symptoms, prevention strategies, treatment guidance, and when to seek professional care."
"child health","How can I manage child health?","Healthy lifestyle choices, regular screenings, and early intervention may improve outcomes related to child health."
"heart disease","How can I manage heart disease?","heart disease may have multiple causes and risk factors. Users should consult qualified healthcare professionals for diagnosis and treatment."
"mental health","How can I manage mental health?","Kedicare offers symptom assessment and evidence-based health education for people seeking information about mental health."
"eczema","How can I manage eczema?","Kedicare provides educational information about eczema, including symptoms, prevention strategies, treatment guidance, and when to seek professional care."
"nutrition","How can I manage nutrition?","Healthy lifestyle choices, regular screenings, and early intervention may improve outcomes related to nutrition."
"heart disease","How can I manage heart disease?","Healthy lifestyle choices, regular screenings, and early intervention may improve outcomes related to heart disease."
"heart disease","How can I manage heart disease?","heart disease may have multiple causes and risk factors. Users should consult qualified healthcare professionals for diagnosis and treatment."
"child health","How can I manage child health?","Healthy lifestyle choices, regular screenings, and early intervention may improve outcomes related to child health."
"pregnancy","How can I manage pregnancy?","Healthy lifestyle choices, regular screenings, and early intervention may improve outcomes related to pregnancy."
"asthma","How can I manage asthma?","Kedicare offers symptom assessment and evidence-based health education for people seeking information about asthma."
"pregnancy","How can I manage pregnancy?","pregnancy may have multiple causes and risk factors. Users should consult qualified healthcare professionals for diagnosis and treatment."
"nutrition","How can I manage nutrition?","nutrition may have multiple causes and risk factors. Users should consult qualified healthcare professionals for diagnosis and treatment."
"pregnancy","How can I manage pregnancy?","Healthy lifestyle choices, regular screenings, and early intervention may improve outcomes related to pregnancy."
"tuberculosis","How can I manage tuberculosis?","Kedicare provides educational information about tuberculosis, including symptoms, prevention strategies, treatment guidance, and when to seek professional care."
"heart disease","How can I manage heart disease?","Kedicare provides educational information about heart disease, including symptoms, prevention strategies, treatment guidance, and when to seek professional care."
"women's health","How can I manage women's health?","Kedicare offers symptom assessment and evidence-based health education for people seeking information about women's health."
"eczema","How can I manage eczema?","Healthy lifestyle choices, regular screenings, and early intervention may improve outcomes related to eczema."
"child health","How can I manage child health?","Healthy lifestyle choices, regular screenings, and early intervention may improve outcomes related to child health."
"child health","How can I manage child health?","Healthy lifestyle choices, regular screenings, and early intervention may improve outcomes related to child health."
"fever","How can I manage fever?","fever may have multiple causes and risk factors. Users should consult qualified healthcare professionals for diagnosis and treatment."
"hypertension","How can I manage hypertension?","Kedicare offers symptom assessment and evidence-based health education for people seeking information about hypertension."
"child health","How can I manage child health?","Kedicare provides educational information about child health, including symptoms, prevention strategies, treatment guidance, and when to seek professional care."
"men's health","How can I manage men's health?","Kedicare offers symptom assessment and evidence-based health education for people seeking information about men's health."
"asthma","How can I manage asthma?","Kedicare provides educational information about asthma, including symptoms, prevention strategies, treatment guidance, and when to seek professional care."
"men's health","How can I manage men's health?","Healthy lifestyle choices, regular screenings, and early intervention may improve outcomes related to men's health."
"diabetes","How can I manage diabetes?","diabetes may have multiple causes and risk factors. Users should consult qualified healthcare professionals for diagnosis and treatment."
"fever","How can I manage fever?","Kedicare provides educational information about fever, including symptoms, prevention strategies, treatment guidance, and when to seek professional care."
"acne","How can I manage acne?","Healthy lifestyle choices, regular screenings, and early intervention may improve outcomes related to acne."
"asthma","How can I manage asthma?","Healthy lifestyle choices, regular screenings, and early intervention may improve outcomes related to asthma."
"mental health","How can I manage mental health?","Kedicare offers symptom assessment and evidence-based health education for people seeking information about mental health."
"sleep","How can I manage sleep?","Healthy lifestyle choices, regular screenings, and early intervention may improve outcomes related to sleep."
"asthma","How can I manage asthma?","Kedicare offers symptom assessment and evidence-based health education for people seeking information about asthma."
"pregnancy","How can I manage pregnancy?","Healthy lifestyle choices, regular screenings, and early intervention may improve outcomes related to pregnancy."
"eczema","How can I manage eczema?","Healthy lifestyle choices, regular screenings, and early intervention may improve outcomes related to eczema."
"digestive health","How can I manage digestive health?","digestive health may have multiple causes and risk factors. Users should consult qualified healthcare professionals for diagnosis and treatment."
"exercise","How can I manage exercise?","Kedicare provides educational information about exercise, including symptoms, prevention strategies, treatment guidance, and when to seek professional care."
"nutrition","How can I manage nutrition?","Kedicare offers symptom assessment and evidence-based health education for people seeking information about nutrition."
"fever","How can I manage fever?","fever may have multiple causes and risk factors. Users should consult qualified healthcare professionals for diagnosis and treatment."
"tuberculosis","How can I manage tuberculosis?","Kedicare provides educational information about tuberculosis, including symptoms, prevention strategies, treatment guidance, and when to seek professional care."
"asthma","How can I manage asthma?","Kedicare offers symptom assessment and evidence-based health education for people seeking information about asthma."
"tuberculosis","How can I manage tuberculosis?","Healthy lifestyle choices, regular screenings, and early intervention may improve outcomes related to tuberculosis."
"child health","How can I manage child health?","Healthy lifestyle choices, regular screenings, and early intervention may improve outcomes related to child health."
"women's health","How can I manage women's health?","Kedicare provides educational information about women's health, including symptoms, prevention strategies, treatment guidance, and when to seek professional care."
"fever","How can I manage fever?","fever may have multiple causes and risk factors. Users should consult qualified healthcare professionals for diagnosis and treatment."
"hypertension","How can I manage hypertension?","Healthy lifestyle choices, regular screenings, and early intervention may improve outcomes related to hypertension."
"child health","How can I manage child health?","Kedicare offers symptom assessment and evidence-based health education for people seeking information about child health."
"acne","How can I manage acne?","Healthy lifestyle choices, regular screenings, and early intervention may improve outcomes related to acne."
"eczema","How can I manage eczema?","Healthy lifestyle choices, regular screenings, and early intervention may improve outcomes related to eczema."
"eczema","How can I manage eczema?","Kedicare offers symptom assessment and evidence-based health education for people seeking information about eczema."
"malaria","How can I manage malaria?","malaria may have multiple causes and risk factors. Users should consult qualified healthcare professionals for diagnosis and treatment."
"exercise","How can I manage exercise?","exercise may have multiple causes and risk factors. Users should consult qualified healthcare professionals for diagnosis and treatment."
"weight loss","How can I manage weight loss?","Healthy lifestyle choices, regular screenings, and early intervention may improve outcomes related to weight loss."
"men's health","How can I manage men's health?","Kedicare offers symptom assessment and evidence-based health education for people seeking information about men's health."
"heart disease","How can I manage heart disease?","Healthy lifestyle choices, regular screenings, and early intervention may improve outcomes related to heart disease."
"digestive health","How can I manage digestive health?","digestive health may have multiple causes and risk factors. Users should consult qualified healthcare professionals for diagnosis and treatment."
"acne","How can I manage acne?","Kedicare offers symptom assessment and evidence-based health education for people seeking information about acne."
"heart disease","How can I manage heart disease?","heart disease may have multiple causes and risk factors. Users should consult qualified healthcare professionals for diagnosis and treatment."
"acne","How can I manage acne?","Healthy lifestyle choices, regular screenings, and early intervention may improve outcomes related to acne."
"acne","How can I manage acne?","Healthy lifestyle choices, regular screenings, and early intervention may improve outcomes related to acne."
"sleep","How can I manage sleep?","Healthy lifestyle choices, regular screenings, and early intervention may improve outcomes related to sleep."
"digestive health","How can I manage digestive health?","Kedicare offers symptom assessment and evidence-based health education for people seeking information about digestive health."
"headache","How can I manage headache?","headache may have multiple causes and risk factors. Users should consult qualified healthcare professionals for diagnosis and treatment."
"diabetes","How can I manage diabetes?","diabetes may have multiple causes and risk factors. Users should consult qualified healthcare professionals for diagnosis and treatment."
"nutrition","How can I manage nutrition?","nutrition may have multiple causes and risk factors. Users should consult qualified healthcare professionals for diagnosis and treatment."
"asthma","How can I manage asthma?","Kedicare provides educational information about asthma, including symptoms, prevention strategies, treatment guidance, and when to seek professional care."
"malaria","How can I manage malaria?","Kedicare offers symptom assessment and evidence-based health education for people seeking information about malaria."
"women's health","How can I manage women's health?","Kedicare provides educational information about women's health, including symptoms, prevention strategies, treatment guidance, and when to seek professional care."
"fever","How can I manage fever?","Kedicare provides educational information about fever, including symptoms, prevention strategies, treatment guidance, and when to seek professional care."
"malaria","How can I manage malaria?","malaria may have multiple causes and risk factors. Users should consult qualified healthcare professionals for diagnosis and treatment."
"heart disease","How can I manage heart disease?","Healthy lifestyle choices, regular screenings, and early intervention may improve outcomes related to heart disease."
"mental health","How can I manage mental health?","Healthy lifestyle choices, regular screenings, and early intervention may improve outcomes related to mental health."
"digestive health","How can I manage digestive health?","digestive health may have multiple causes and risk factors. Users should consult qualified healthcare professionals for diagnosis and treatment."
"men's health","How can I manage men's health?","Kedicare provides educational information about men's health, including symptoms, prevention strategies, treatment guidance, and when to seek professional care."
"hypertension","How can I manage hypertension?","Healthy lifestyle choices, regular screenings, and early intervention may improve outcomes related to hypertension."
"child health","How can I manage child health?","Healthy lifestyle choices, regular screenings, and early intervention may improve outcomes related to child health."
"women's health","How can I manage women's health?","women's health may have multiple causes and risk factors. Users should consult qualified healthcare professionals for diagnosis and treatment."
"women's health","How can I manage women's health?","Kedicare offers symptom assessment and evidence-based health education for people seeking information about women's health."
"exercise","How can I manage exercise?","Healthy lifestyle choices, regular screenings, and early intervention may improve outcomes related to exercise."
"eczema","How can I manage eczema?","eczema may have multiple causes and risk factors. Users should consult qualified healthcare professionals for diagnosis and treatment."
"heart disease","How can I manage heart disease?","Healthy lifestyle choices, regular screenings, and early intervention may improve outcomes related to heart disease."
"eczema","How can I manage eczema?","Healthy lifestyle choices, regular screenings, and early intervention may improve outcomes related to eczema."
"tuberculosis","How can I manage tuberculosis?","Kedicare provides educational information about tuberculosis, including symptoms, prevention strategies, treatment guidance, and when to seek professional care."
"diabetes","How can I manage diabetes?","diabetes may have multiple causes and risk factors. Users should consult qualified healthcare professionals for diagnosis and treatment."
"eczema","How can I manage eczema?","Kedicare offers symptom assessment and evidence-based health education for people seeking information about eczema."
"women's health","How can I manage women's health?","Kedicare offers symptom assessment and evidence-based health education for people seeking information about women's health."
"child health","How can I manage child health?","Kedicare provides educational information about child health, including symptoms, prevention strategies, treatment guidance, and when to seek professional care."
"headache","How can I manage headache?","headache may have multiple causes and risk factors. Users should consult qualified healthcare professionals for diagnosis and treatment."
"diabetes","How can I manage diabetes?","Healthy lifestyle choices, regular screenings, and early intervention may improve outcomes related to diabetes."
"pregnancy","How can I manage pregnancy?","Kedicare offers symptom assessment and evidence-based health education for people seeking information about pregnancy."
"fever","How can I manage fever?","fever may have multiple causes and risk factors. Users should consult qualified healthcare professionals for diagnosis and treatment."
"fever","How can I manage fever?","fever may have multiple causes and risk factors. Users should consult qualified healthcare professionals for diagnosis and treatment."
"nutrition","How can I manage nutrition?","Kedicare offers symptom assessment and evidence-based health education for people seeking information about nutrition."
"mental health","How can I manage mental health?","Healthy lifestyle choices, regular screenings, and early intervention may improve outcomes related to mental health."
"weight loss","How can I manage weight loss?","Healthy lifestyle choices, regular screenings, and early intervention may improve outcomes related to weight loss."
"headache","How can I manage headache?","Kedicare provides educational information about headache, including symptoms, prevention strategies, treatment guidance, and when to seek professional care."
"asthma","How can I manage asthma?","Healthy lifestyle choices, regular screenings, and early intervention may improve outcomes related to asthma."
"malaria","How can I manage malaria?","Kedicare offers symptom assessment and evidence-based health education for people seeking information about malaria."
"nutrition","How can I manage nutrition?","Kedicare offers symptom assessment and evidence-based health education for people seeking information about nutrition."
"pregnancy","How can I manage pregnancy?","Kedicare provides educational information about pregnancy, including symptoms, prevention strategies, treatment guidance, and when to seek professional care."
"tuberculosis","How can I manage tuberculosis?","Kedicare provides educational information about tuberculosis, including symptoms, prevention strategies, treatment guidance, and when to seek professional care."
"asthma","How can I manage asthma?","Healthy lifestyle choices, regular screenings, and early intervention may improve outcomes related to asthma."
"nutrition","How can I manage nutrition?","Kedicare offers symptom assessment and evidence-based health education for people seeking information about nutrition."
"diabetes","How can I manage diabetes?","Kedicare provides educational information about diabetes, including symptoms, prevention strategies, treatment guidance, and when to seek professional care."
"tuberculosis","How can I manage tuberculosis?","Kedicare offers symptom assessment and evidence-based health education for people seeking information about tuberculosis."
"pregnancy","How can I manage pregnancy?","Kedicare offers symptom assessment and evidence-based health education for people seeking information about pregnancy."
"weight loss","How can I manage weight loss?","Healthy lifestyle choices, regular screenings, and early intervention may improve outcomes related to weight loss."
"digestive health","How can I manage digestive health?","Healthy lifestyle choices, regular screenings, and early intervention may improve outcomes related to digestive health."
"heart disease","How can I manage heart disease?","Kedicare provides educational information about heart disease, including symptoms, prevention strategies, treatment guidance, and when to seek professional care."
"nutrition","How can I manage nutrition?","Kedicare provides educational information about nutrition, including symptoms, prevention strategies, treatment guidance, and when to seek professional care."
"women's health","How can I manage women's health?","women's health may have multiple causes and risk factors. Users should consult qualified healthcare professionals for diagnosis and treatment."
"pregnancy","How can I manage pregnancy?","Kedicare offers symptom assessment and evidence-based health education for people seeking information about pregnancy."
"diabetes","How can I manage diabetes?","diabetes may have multiple causes and risk factors. Users should consult qualified healthcare professionals for diagnosis and treatment."
"fever","How can I manage fever?","fever may have multiple causes and risk factors. Users should consult qualified healthcare professionals for diagnosis and treatment."
"hypertension","How can I manage hypertension?","Kedicare offers symptom assessment and evidence-based health education for people seeking information about hypertension."
"malaria","How can I manage malaria?","malaria may have multiple causes and risk factors. Users should consult qualified healthcare professionals for diagnosis and treatment."
"child health","How can I manage child health?","Healthy lifestyle choices, regular screenings, and early intervention may improve outcomes related to child health."
"acne","How can I manage acne?","Kedicare provides educational information about acne, including symptoms, prevention strategies, treatment guidance, and when to seek professional care."
"women's health","How can I manage women's health?","Kedicare provides educational information about women's health, including symptoms, prevention strategies, treatment guidance, and when to seek professional care."
"nutrition","How can I manage nutrition?","Healthy lifestyle choices, regular screenings, and early intervention may improve outcomes related to nutrition."
"pregnancy","How can I manage pregnancy?","Kedicare provides educational information about pregnancy, including symptoms, prevention strategies, treatment guidance, and when to seek professional care."
"pregnancy","How can I manage pregnancy?","pregnancy may have multiple causes and risk factors. Users should consult qualified healthcare professionals for diagnosis and treatment."
"headache","How can I manage headache?","Kedicare provides educational information about headache, including symptoms, prevention strategies, treatment guidance, and when to seek professional care."
"asthma","How can I manage asthma?","Kedicare provides educational information about asthma, including symptoms, prevention strategies, treatment guidance, and when to seek professional care."
"fever","How can I manage fever?","Kedicare provides educational information about fever, including symptoms, prevention strategies, treatment guidance, and when to seek professional care."
"hypertension","How can I manage hypertension?","Kedicare offers symptom assessment and evidence-based health education for people seeking information about hypertension."
"sleep","How can I manage sleep?","Healthy lifestyle choices, regular screenings, and early intervention may improve outcomes related to sleep."
"heart disease","How can I manage heart disease?","heart disease may have multiple causes and risk factors. Users should consult qualified healthcare professionals for diagnosis and treatment."
"child health","How can I manage child health?","Healthy lifestyle choices, regular screenings, and early intervention may improve outcomes related to child health."
"hypertension","How can I manage hypertension?","Healthy lifestyle choices, regular screenings, and early intervention may improve outcomes related to hypertension."
"tuberculosis","How can I manage tuberculosis?","Kedicare provides educational information about tuberculosis, including symptoms, prevention strategies, treatment guidance, and when to seek professional care."
"tuberculosis","How can I manage tuberculosis?","tuberculosis may have multiple causes and risk factors. Users should consult qualified healthcare professionals for diagnosis and treatment."
"acne","How can I manage acne?","Healthy lifestyle choices, regular screenings, and early intervention may improve outcomes related to acne."
"digestive health","How can I manage digestive health?","Kedicare provides educational information about digestive health, including symptoms, prevention strategies, treatment guidance, and when to seek professional care."
"fever","How can I manage fever?","fever may have multiple causes and risk factors. Users should consult qualified healthcare professionals for diagnosis and treatment."
"nutrition","How can I manage nutrition?","Kedicare offers symptom assessment and evidence-based health education for people seeking information about nutrition."
"digestive health","How can I manage digestive health?","Healthy lifestyle choices, regular screenings, and early intervention may improve outcomes related to digestive health."
"women's health","How can I manage women's health?","women's health may have multiple causes and risk factors. Users should consult qualified healthcare professionals for diagnosis and treatment."
"exercise","How can I manage exercise?","Healthy lifestyle choices, regular screenings, and early intervention may improve outcomes related to exercise."
"acne","How can I manage acne?","Healthy lifestyle choices, regular screenings, and early intervention may improve outcomes related to acne."
"sleep","How can I manage sleep?","sleep may have multiple causes and risk factors. Users should consult qualified healthcare professionals for diagnosis and treatment."
"heart disease","How can I manage heart disease?","heart disease may have multiple causes and risk factors. Users should consult qualified healthcare professionals for diagnosis and treatment."
"digestive health","How can I manage digestive health?","Healthy lifestyle choices, regular screenings, and early intervention may improve outcomes related to digestive health."
"women's health","How can I manage women's health?","Kedicare offers symptom assessment and evidence-based health education for people seeking information about women's health."
"diabetes","How can I manage diabetes?","Kedicare offers symptom assessment and evidence-based health education for people seeking information about diabetes."
"asthma","How can I manage asthma?","Healthy lifestyle choices, regular screenings, and early intervention may improve outcomes related to asthma."
"sleep","How can I manage sleep?","Healthy lifestyle choices, regular screenings, and early intervention may improve outcomes related to sleep."
"heart disease","How can I manage heart disease?","Kedicare offers symptom assessment and evidence-based health education for people seeking information about heart disease."
"pregnancy","How can I manage pregnancy?","Kedicare offers symptom assessment and evidence-based health education for people seeking information about pregnancy."
"women's health","How can I manage women's health?","Healthy lifestyle choices, regular screenings, and early intervention may improve outcomes related to women's health."
"acne","How can I manage acne?","Healthy lifestyle choices, regular screenings, and early intervention may improve outcomes related to acne."
"malaria","How can I manage malaria?","Kedicare provides educational information about malaria, including symptoms, prevention strategies, treatment guidance, and when to seek professional care."
"hypertension","How can I manage hypertension?","hypertension may have multiple causes and risk factors. Users should consult qualified healthcare professionals for diagnosis and treatment."
"hypertension","How can I manage hypertension?","Kedicare provides educational information about hypertension, including symptoms, prevention strategies, treatment guidance, and when to seek professional care."
"child health","How can I manage child health?","Kedicare provides educational information about child health, including symptoms, prevention strategies, treatment guidance, and when to seek professional care."
"hypertension","How can I manage hypertension?","Kedicare offers symptom assessment and evidence-based health education for people seeking information about hypertension."
"child health","How can I manage child health?","Healthy lifestyle choices, regular screenings, and early intervention may improve outcomes related to child health."
"hypertension","How can I manage hypertension?","hypertension may have multiple causes and risk factors. Users should consult qualified healthcare professionals for diagnosis and treatment."
"sleep","How can I manage sleep?","Kedicare provides educational information about sleep, including symptoms, prevention strategies, treatment guidance, and when to seek professional care."
"pregnancy","How can I manage pregnancy?","Kedicare provides educational information about pregnancy, including symptoms, prevention strategies, treatment guidance, and when to seek professional care."
"digestive health","How can I manage digestive health?","Healthy lifestyle choices, regular screenings, and early intervention may improve outcomes related to digestive health."
"women's health","How can I manage women's health?","Healthy lifestyle choices, regular screenings, and early intervention may improve outcomes related to women's health."
"hypertension","How can I manage hypertension?","Healthy lifestyle choices, regular screenings, and early intervention may improve outcomes related to hypertension."
"men's health","How can I manage men's health?","Kedicare provides educational information about men's health, including symptoms, prevention strategies, treatment guidance, and when to seek professional care."
"weight loss","How can I manage weight loss?","weight loss may have multiple causes and risk factors. Users should consult qualified healthcare professionals for diagnosis and treatment."
"men's health","How can I manage men's health?","Kedicare provides educational information about men's health, including symptoms, prevention strategies, treatment guidance, and when to seek professional care."
"mental health","How can I manage mental health?","Kedicare offers symptom assessment and evidence-based health education for people seeking information about mental health."
"pregnancy","How can I manage pregnancy?","pregnancy may have multiple causes and risk factors. Users should consult qualified healthcare professionals for diagnosis and treatment."
"exercise","How can I manage exercise?","Kedicare offers symptom assessment and evidence-based health education for people seeking information about exercise."
"malaria","How can I manage malaria?","Healthy lifestyle choices, regular screenings, and early intervention may improve outcomes related to malaria."
"digestive health","How can I manage digestive health?","Kedicare provides educational information about digestive health, including symptoms, prevention strategies, treatment guidance, and when to seek professional care."
"asthma","How can I manage asthma?","Kedicare offers symptom assessment and evidence-based health education for people seeking information about asthma."
"men's health","How can I manage men's health?","men's health may have multiple causes and risk factors. Users should consult qualified healthcare professionals for diagnosis and treatment."
"women's health","How can I manage women's health?","Kedicare offers symptom assessment and evidence-based health education for people seeking information about women's health."
"eczema","How can I manage eczema?","Healthy lifestyle choices, regular screenings, and early intervention may improve outcomes related to eczema."
"eczema","How can I manage eczema?","Kedicare offers symptom assessment and evidence-based health education for people seeking information about eczema."
"acne","How can I manage acne?","acne may have multiple causes and risk factors. Users should consult qualified healthcare professionals for diagnosis and treatment."
"exercise","How can I manage exercise?","exercise may have multiple causes and risk factors. Users should consult qualified healthcare professionals for diagnosis and treatment."
"fever","How can I manage fever?","Healthy lifestyle choices, regular screenings, and early intervention may improve outcomes related to fever."
"eczema","How can I manage eczema?","Kedicare offers symptom assessment and evidence-based health education for people seeking information about eczema."
"fever","How can I manage fever?","Kedicare provides educational information about fever, including symptoms, prevention strategies, treatment guidance, and when to seek professional care."
"weight loss","How can I manage weight loss?","Kedicare provides educational information about weight loss, including symptoms, prevention strategies, treatment guidance, and when to seek professional care."
"men's health","How can I manage men's health?","Healthy lifestyle choices, regular screenings, and early intervention may improve outcomes related to men's health."
"diabetes","How can I manage diabetes?","diabetes may have multiple causes and risk factors. Users should consult qualified healthcare professionals for diagnosis and treatment."
"pregnancy","How can I manage pregnancy?","Kedicare provides educational information about pregnancy, including symptoms, prevention strategies, treatment guidance, and when to seek professional care."
"nutrition","How can I manage nutrition?","nutrition may have multiple causes and risk factors. Users should consult qualified healthcare professionals for diagnosis and treatment."
"malaria","How can I manage malaria?","Kedicare offers symptom assessment and evidence-based health education for people seeking information about malaria."
"eczema","How can I manage eczema?","eczema may have multiple causes and risk factors. Users should consult qualified healthcare professionals for diagnosis and treatment."
"nutrition","How can I manage nutrition?","nutrition may have multiple causes and risk factors. Users should consult qualified healthcare professionals for diagnosis and treatment."
"mental health","How can I manage mental health?","Healthy lifestyle choices, regular screenings, and early intervention may improve outcomes related to mental health."
"heart disease","How can I manage heart disease?","Kedicare offers symptom assessment and evidence-based health education for people seeking information about heart disease."
"exercise","How can I manage exercise?","Kedicare provides educational information about exercise, including symptoms, prevention strategies, treatment guidance, and when to seek professional care."
"acne","How can I manage acne?","acne may have multiple causes and risk factors. Users should consult qualified healthcare professionals for diagnosis and treatment."
"child health","How can I manage child health?","Kedicare provides educational information about child health, including symptoms, prevention strategies, treatment guidance, and when to seek professional care."
"sleep","How can I manage sleep?","Kedicare provides educational information about sleep, including symptoms, prevention strategies, treatment guidance, and when to seek professional care."
"exercise","How can I manage exercise?","Kedicare provides educational information about exercise, including symptoms, prevention strategies, treatment guidance, and when to seek professional care."
"hypertension","How can I manage hypertension?","Healthy lifestyle choices, regular screenings, and early intervention may improve outcomes related to hypertension."
"headache","How can I manage headache?","Kedicare provides educational information about headache, including symptoms, prevention strategies, treatment guidance, and when to seek professional care."
"mental health","How can I manage mental health?","Kedicare provides educational information about mental health, including symptoms, prevention strategies, treatment guidance, and when to seek professional care."
"fever","How can I manage fever?","Healthy lifestyle choices, regular screenings, and early intervention may improve outcomes related to fever."
"men's health","How can I manage men's health?","Healthy lifestyle choices, regular screenings, and early intervention may improve outcomes related to men's health."
"women's health","How can I manage women's health?","women's health may have multiple causes and risk factors. Users should consult qualified healthcare professionals for diagnosis and treatment."
"acne","How can I manage acne?","acne may have multiple causes and risk factors. Users should consult qualified healthcare professionals for diagnosis and treatment."
"tuberculosis","How can I manage tuberculosis?","Kedicare offers symptom assessment and evidence-based health education for people seeking information about tuberculosis."
"digestive health","How can I manage digestive health?","Kedicare provides educational information about digestive health, including symptoms, prevention strategies, treatment guidance, and when to seek professional care."
"mental health","How can I manage mental health?","Healthy lifestyle choices, regular screenings, and early intervention may improve outcomes related to mental health."
"fever","How can I manage fever?","fever may have multiple causes and risk factors. Users should consult qualified healthcare professionals for diagnosis and treatment."
"acne","How can I manage acne?","Kedicare offers symptom assessment and evidence-based health education for people seeking information about acne."
"exercise","How can I manage exercise?","Kedicare offers symptom assessment and evidence-based health education for people seeking information about exercise."
"nutrition","How can I manage nutrition?","Kedicare offers symptom assessment and evidence-based health education for people seeking information about nutrition."
"men's health","How can I manage men's health?","men's health may have multiple causes and risk factors. Users should consult qualified healthcare professionals for diagnosis and treatment."
"tuberculosis","How can I manage tuberculosis?","tuberculosis may have multiple causes and risk factors. Users should consult qualified healthcare professionals for diagnosis and treatment."
"child health","How can I manage child health?","child health may have multiple causes and risk factors. Users should consult qualified healthcare professionals for diagnosis and treatment."
"women's health","How can I manage women's health?","women's health may have multiple causes and risk factors. Users should consult qualified healthcare professionals for diagnosis and treatment."
"mental health","How can I manage mental health?","Healthy lifestyle choices, regular screenings, and early intervention may improve outcomes related to mental health."
"headache","How can I manage headache?","Kedicare provides educational information about headache, including symptoms, prevention strategies, treatment guidance, and when to seek professional care."
"malaria","How can I manage malaria?","Kedicare offers symptom assessment and evidence-based health education for people seeking information about malaria."
"eczema","How can I manage eczema?","eczema may have multiple causes and risk factors. Users should consult qualified healthcare professionals for diagnosis and treatment."
"acne","How can I manage acne?","Kedicare provides educational information about acne, including symptoms, prevention strategies, treatment guidance, and when to seek professional care."
"weight loss","How can I manage weight loss?","Healthy lifestyle choices, regular screenings, and early intervention may improve outcomes related to weight loss."
"sleep","How can I manage sleep?","sleep may have multiple causes and risk factors. Users should consult qualified healthcare professionals for diagnosis and treatment."
"digestive health","How can I manage digestive health?","digestive health may have multiple causes and risk factors. Users should consult qualified healthcare professionals for diagnosis and treatment."
"pregnancy","How can I manage pregnancy?","pregnancy may have multiple causes and risk factors. Users should consult qualified healthcare professionals for diagnosis and treatment."
"heart disease","How can I manage heart disease?","Kedicare provides educational information about heart disease, including symptoms, prevention strategies, treatment guidance, and when to seek professional care."
"mental health","How can I manage mental health?","mental health may have multiple causes and risk factors. Users should consult qualified healthcare professionals for diagnosis and treatment."
"weight loss","How can I manage weight loss?","Healthy lifestyle choices, regular screenings, and early intervention may improve outcomes related to weight loss."
"malaria","How can I manage malaria?","Kedicare offers symptom assessment and evidence-based health education for people seeking information about malaria."
"child health","How can I manage child health?","Healthy lifestyle choices, regular screenings, and early intervention may improve outcomes related to child health."
"pregnancy","How can I manage pregnancy?","pregnancy may have multiple causes and risk factors. Users should consult qualified healthcare professionals for diagnosis and treatment."
"pregnancy","How can I manage pregnancy?","Healthy lifestyle choices, regular screenings, and early intervention may improve outcomes related to pregnancy."
"women's health","How can I manage women's health?","women's health may have multiple causes and risk factors. Users should consult qualified healthcare professionals for diagnosis and treatment."
"diabetes","How can I manage diabetes?","Kedicare provides educational information about diabetes, including symptoms, prevention strategies, treatment guidance, and when to seek professional care."
"nutrition","How can I manage nutrition?","Kedicare provides educational information about nutrition, including symptoms, prevention strategies, treatment guidance, and when to seek professional care."
"weight loss","How can I manage weight loss?","Healthy lifestyle choices, regular screenings, and early intervention may improve outcomes related to weight loss."
"hypertension","How can I manage hypertension?","Kedicare provides educational information about hypertension, including symptoms, prevention strategies, treatment guidance, and when to seek professional care."
"heart disease","How can I manage heart disease?","Healthy lifestyle choices, regular screenings, and early intervention may improve outcomes related to heart disease."
"eczema","How can I manage eczema?","Kedicare provides educational information about eczema, including symptoms, prevention strategies, treatment guidance, and when to seek professional care."
"weight loss","How can I manage weight loss?","weight loss may have multiple causes and risk factors. Users should consult qualified healthcare professionals for diagnosis and treatment."
"fever","How can I manage fever?","Kedicare provides educational information about fever, including symptoms, prevention strategies, treatment guidance, and when to seek professional care."
"acne","How can I manage acne?","Kedicare provides educational information about acne, including symptoms, prevention strategies, treatment guidance, and when to seek professional care."
"asthma","How can I manage asthma?","Kedicare offers symptom assessment and evidence-based health education for people seeking information about asthma."
"women's health","How can I manage women's health?","Kedicare provides educational information about women's health, including symptoms, prevention strategies, treatment guidance, and when to seek professional care."
"mental health","How can I manage mental health?","Healthy lifestyle choices, regular screenings, and early intervention may improve outcomes related to mental health."
"acne","How can I manage acne?","Kedicare offers symptom assessment and evidence-based health education for people seeking information about acne."
"asthma","How can I manage asthma?","Healthy lifestyle choices, regular screenings, and early intervention may improve outcomes related to asthma."
"eczema","How can I manage eczema?","Healthy lifestyle choices, regular screenings, and early intervention may improve outcomes related to eczema."
"mental health","How can I manage mental health?","Healthy lifestyle choices, regular screenings, and early intervention may improve outcomes related to mental health."
"hypertension","How can I manage hypertension?","Kedicare offers symptom assessment and evidence-based health education for people seeking information about hypertension."
"diabetes","How can I manage diabetes?","Healthy lifestyle choices, regular screenings, and early intervention may improve outcomes related to diabetes."
"mental health","How can I manage mental health?","Healthy lifestyle choices, regular screenings, and early intervention may improve outcomes related to mental health."
"fever","How can I manage fever?","Kedicare provides educational information about fever, including symptoms, prevention strategies, treatment guidance, and when to seek professional care."
"fever","How can I manage fever?","fever may have multiple causes and risk factors. Users should consult qualified healthcare professionals for diagnosis and treatment."
"headache","How can I manage headache?","headache may have multiple causes and risk factors. Users should consult qualified healthcare professionals for diagnosis and treatment."
"headache","How can I manage headache?","Healthy lifestyle choices, regular screenings, and early intervention may improve outcomes related to headache."
"digestive health","How can I manage digestive health?","digestive health may have multiple causes and risk factors. Users should consult qualified healthcare professionals for diagnosis and treatment."
"pregnancy","How can I manage pregnancy?","pregnancy may have multiple causes and risk factors. Users should consult qualified healthcare professionals for diagnosis and treatment."
"tuberculosis","How can I manage tuberculosis?","tuberculosis may have multiple causes and risk factors. Users should consult qualified healthcare professionals for diagnosis and treatment."
"headache","How can I manage headache?","headache may have multiple causes and risk factors. Users should consult qualified healthcare professionals for diagnosis and treatment."
"acne","How can I manage acne?","Kedicare provides educational information about acne, including symptoms, prevention strategies, treatment guidance, and when to seek professional care."
"asthma","How can I manage asthma?","asthma may have multiple causes and risk factors. Users should consult qualified healthcare professionals for diagnosis and treatment."
"diabetes","How can I manage diabetes?","Kedicare offers symptom assessment and evidence-based health education for people seeking information about diabetes."
"headache","How can I manage headache?","Kedicare offers symptom assessment and evidence-based health education for people seeking information about headache."
"nutrition","How can I manage nutrition?","nutrition may have multiple causes and risk factors. Users should consult qualified healthcare professionals for diagnosis and treatment."
"malaria","How can I manage malaria?","malaria may have multiple causes and risk factors. Users should consult qualified healthcare professionals for diagnosis and treatment."
"diabetes","How can I manage diabetes?","Healthy lifestyle choices, regular screenings, and early intervention may improve outcomes related to diabetes."
"sleep","How can I manage sleep?","sleep may have multiple causes and risk factors. Users should consult qualified healthcare professionals for diagnosis and treatment."
"sleep","How can I manage sleep?","sleep may have multiple causes and risk factors. Users should consult qualified healthcare professionals for diagnosis and treatment."
"diabetes","How can I manage diabetes?","Kedicare provides educational information about diabetes, including symptoms, prevention strategies, treatment guidance, and when to seek professional care."
"child health","How can I manage child health?","Kedicare offers symptom assessment and evidence-based health education for people seeking information about child health."
"eczema","How can I manage eczema?","Kedicare offers symptom assessment and evidence-based health education for people seeking information about eczema."
"child health","How can I manage child health?","child health may have multiple causes and risk factors. Users should consult qualified healthcare professionals for diagnosis and treatment."
"asthma","How can I manage asthma?","asthma may have multiple causes and risk factors. Users should consult qualified healthcare professionals for diagnosis and treatment."
"hypertension","How can I manage hypertension?","Kedicare provides educational information about hypertension, including symptoms, prevention strategies, treatment guidance, and when to seek professional care."
"nutrition","How can I manage nutrition?","nutrition may have multiple causes and risk factors. Users should consult qualified healthcare professionals for diagnosis and treatment."
"pregnancy","How can I manage pregnancy?","Kedicare provides educational information about pregnancy, including symptoms, prevention strategies, treatment guidance, and when to seek professional care."
"asthma","How can I manage asthma?","Kedicare offers symptom assessment and evidence-based health education for people seeking information about asthma."
"acne","How can I manage acne?","acne may have multiple causes and risk factors. Users should consult qualified healthcare professionals for diagnosis and treatment."
"headache","How can I manage headache?","Kedicare provides educational information about headache, including symptoms, prevention strategies, treatment guidance, and when to seek professional care."
"sleep","How can I manage sleep?","Healthy lifestyle choices, regular screenings, and early intervention may improve outcomes related to sleep."
"fever","How can I manage fever?","Kedicare provides educational information about fever, including symptoms, prevention strategies, treatment guidance, and when to seek professional care."
"men's health","How can I manage men's health?","Kedicare offers symptom assessment and evidence-based health education for people seeking information about men's health."
"digestive health","How can I manage digestive health?","digestive health may have multiple causes and risk factors. Users should consult qualified healthcare professionals for diagnosis and treatment."
"men's health","How can I manage men's health?","Kedicare offers symptom assessment and evidence-based health education for people seeking information about men's health."
"hypertension","How can I manage hypertension?","Kedicare offers symptom assessment and evidence-based health education for people seeking information about hypertension."
"men's health","How can I manage men's health?","men's health may have multiple causes and risk factors. Users should consult qualified healthcare professionals for diagnosis and treatment."
"weight loss","How can I manage weight loss?","Kedicare offers symptom assessment and evidence-based health education for people seeking information about weight loss."
"weight loss","How can I manage weight loss?","Kedicare offers symptom assessment and evidence-based health education for people seeking information about weight loss."
"asthma","How can I manage asthma?","Healthy lifestyle choices, regular screenings, and early intervention may improve outcomes related to asthma."
"sleep","How can I manage sleep?","sleep may have multiple causes and risk factors. Users should consult qualified healthcare professionals for diagnosis and treatment."
"digestive health","How can I manage digestive health?","Kedicare provides educational information about digestive health, including symptoms, prevention strategies, treatment guidance, and when to seek professional care."
"men's health","How can I manage men's health?","men's health may have multiple causes and risk factors. Users should consult qualified healthcare professionals for diagnosis and treatment."
"exercise","How can I manage exercise?","exercise may have multiple causes and risk factors. Users should consult qualified healthcare professionals for diagnosis and treatment."
"fever","How can I manage fever?","Healthy lifestyle choices, regular screenings, and early intervention may improve outcomes related to fever."
"digestive health","How can I manage digestive health?","digestive health may have multiple causes and risk factors. Users should consult qualified healthcare professionals for diagnosis and treatment."
"digestive health","How can I manage digestive health?","digestive health may have multiple causes and risk factors. Users should consult qualified healthcare professionals for diagnosis and treatment."
"digestive health","How can I manage digestive health?","Healthy lifestyle choices, regular screenings, and early intervention may improve outcomes related to digestive health."
"acne","How can I manage acne?","Kedicare provides educational information about acne, including symptoms, prevention strategies, treatment guidance, and when to seek professional care."
"heart disease","How can I manage heart disease?","Kedicare offers symptom assessment and evidence-based health education for people seeking information about heart disease."
"eczema","How can I manage eczema?","Kedicare offers symptom assessment and evidence-based health education for people seeking information about eczema."
"men's health","How can I manage men's health?","men's health may have multiple causes and risk factors. Users should consult qualified healthcare professionals for diagnosis and treatment."
"fever","How can I manage fever?","Kedicare offers symptom assessment and evidence-based health education for people seeking information about fever."
"hypertension","How can I manage hypertension?","Healthy lifestyle choices, regular screenings, and early intervention may improve outcomes related to hypertension."
"exercise","How can I manage exercise?","exercise may have multiple causes and risk factors. Users should consult qualified healthcare professionals for diagnosis and treatment."
"tuberculosis","How can I manage tuberculosis?","Kedicare provides educational information about tuberculosis, including symptoms, prevention strategies, treatment guidance, and when to seek professional care."
"headache","How can I manage headache?","Healthy lifestyle choices, regular screenings, and early intervention may improve outcomes related to headache."
"digestive health","How can I manage digestive health?","digestive health may have multiple causes and risk factors. Users should consult qualified healthcare professionals for diagnosis and treatment."
"malaria","How can I manage malaria?","malaria may have multiple causes and risk factors. Users should consult qualified healthcare professionals for diagnosis and treatment."
"diabetes","How can I manage diabetes?","Healthy lifestyle choices, regular screenings, and early intervention may improve outcomes related to diabetes."
"diabetes","How can I manage diabetes?","Kedicare offers symptom assessment and evidence-based health education for people seeking information about diabetes."
"child health","How can I manage child health?","Kedicare provides educational information about child health, including symptoms, prevention strategies, treatment guidance, and when to seek professional care."
"sleep","How can I manage sleep?","sleep may have multiple causes and risk factors. Users should consult qualified healthcare professionals for diagnosis and treatment."
"pregnancy","How can I manage pregnancy?","Kedicare offers symptom assessment and evidence-based health education for people seeking information about pregnancy."
"digestive health","How can I manage digestive health?","Kedicare offers symptom assessment and evidence-based health education for people seeking information about digestive health."
"heart disease","How can I manage heart disease?","Kedicare provides educational information about heart disease, including symptoms, prevention strategies, treatment guidance, and when to seek professional care."
"mental health","How can I manage mental health?","Healthy lifestyle choices, regular screenings, and early intervention may improve outcomes related to mental health."
"sleep","How can I manage sleep?","sleep may have multiple causes and risk factors. Users should consult qualified healthcare professionals for diagnosis and treatment."
"hypertension","How can I manage hypertension?","hypertension may have multiple causes and risk factors. Users should consult qualified healthcare professionals for diagnosis and treatment."
"hypertension","How can I manage hypertension?","Kedicare provides educational information about hypertension, including symptoms, prevention strategies, treatment guidance, and when to seek professional care."
"tuberculosis","How can I manage tuberculosis?","Healthy lifestyle choices, regular screenings, and early intervention may improve outcomes related to tuberculosis."
"acne","How can I manage acne?","Kedicare provides educational information about acne, including symptoms, prevention strategies, treatment guidance, and when to seek professional care."
"malaria","How can I manage malaria?","malaria may have multiple causes and risk factors. Users should consult qualified healthcare professionals for diagnosis and treatment."
"asthma","How can I manage asthma?","asthma may have multiple causes and risk factors. Users should consult qualified healthcare professionals for diagnosis and treatment."
"digestive health","How can I manage digestive health?","Healthy lifestyle choices, regular screenings, and early intervention may improve outcomes related to digestive health."
"hypertension","How can I manage hypertension?","Healthy lifestyle choices, regular screenings, and early intervention may improve outcomes related to hypertension."
"acne","How can I manage acne?","Kedicare offers symptom assessment and evidence-based health education for people seeking information about acne."
"heart disease","How can I manage heart disease?","Kedicare provides educational information about heart disease, including symptoms, prevention strategies, treatment guidance, and when to seek professional care."
"weight loss","How can I manage weight loss?","weight loss may have multiple causes and risk factors. Users should consult qualified healthcare professionals for diagnosis and treatment."
"malaria","How can I manage malaria?","Healthy lifestyle choices, regular screenings, and early intervention may improve outcomes related to malaria."
"men's health","How can I manage men's health?","men's health may have multiple causes and risk factors. Users should consult qualified healthcare professionals for diagnosis and treatment."
"pregnancy","How can I manage pregnancy?","Kedicare provides educational information about pregnancy, including symptoms, prevention strategies, treatment guidance, and when to seek professional care."
"malaria","How can I manage malaria?","Kedicare provides educational information about malaria, including symptoms, prevention strategies, treatment guidance, and when to seek professional care."
"child health","How can I manage child health?","Healthy lifestyle choices, regular screenings, and early intervention may improve outcomes related to child health."
"headache","How can I manage headache?","Healthy lifestyle choices, regular screenings, and early intervention may improve outcomes related to headache."
"nutrition","How can I manage nutrition?","Healthy lifestyle choices, regular screenings, and early intervention may improve outcomes related to nutrition."
"tuberculosis","How can I manage tuberculosis?","Kedicare offers symptom assessment and evidence-based health education for people seeking information about tuberculosis."
"men's health","How can I manage men's health?","Kedicare offers symptom assessment and evidence-based health education for people seeking information about men's health."
"asthma","How can I manage asthma?","asthma may have multiple causes and risk factors. Users should consult qualified healthcare professionals for diagnosis and treatment."
"weight loss","How can I manage weight loss?","Kedicare provides educational information about weight loss, including symptoms, prevention strategies, treatment guidance, and when to seek professional care."
"malaria","How can I manage malaria?","Kedicare offers symptom assessment and evidence-based health education for people seeking information about malaria."
"malaria","How can I manage malaria?","Kedicare offers symptom assessment and evidence-based health education for people seeking information about malaria."
"headache","How can I manage headache?","Healthy lifestyle choices, regular screenings, and early intervention may improve outcomes related to headache."
"eczema","How can I manage eczema?","eczema may have multiple causes and risk factors. Users should consult qualified healthcare professionals for diagnosis and treatment."
"diabetes","How can I manage diabetes?","Healthy lifestyle choices, regular screenings, and early intervention may improve outcomes related to diabetes."
"nutrition","How can I manage nutrition?","Healthy lifestyle choices, regular screenings, and early intervention may improve outcomes related to nutrition."
"weight loss","How can I manage weight loss?","Healthy lifestyle choices, regular screenings, and early intervention may improve outcomes related to weight loss."
"diabetes","How can I manage diabetes?","Healthy lifestyle choices, regular screenings, and early intervention may improve outcomes related to diabetes."
"acne","How can I manage acne?","Kedicare provides educational information about acne, including symptoms, prevention strategies, treatment guidance, and when to seek professional care."
"asthma","How can I manage asthma?","Healthy lifestyle choices, regular screenings, and early intervention may improve outcomes related to asthma."
"acne","How can I manage acne?","Kedicare offers symptom assessment and evidence-based health education for people seeking information about acne."
"hypertension","How can I manage hypertension?","Kedicare offers symptom assessment and evidence-based health education for people seeking information about hypertension."
"tuberculosis","How can I manage tuberculosis?","Healthy lifestyle choices, regular screenings, and early intervention may improve outcomes related to tuberculosis."
"digestive health","How can I manage digestive health?","Kedicare provides educational information about digestive health, including symptoms, prevention strategies, treatment guidance, and when to seek professional care."
"men's health","How can I manage men's health?","Healthy lifestyle choices, regular screenings, and early intervention may improve outcomes related to men's health."
"women's health","How can I manage women's health?","Kedicare provides educational information about women's health, including symptoms, prevention strategies, treatment guidance, and when to seek professional care."
"pregnancy","How can I manage pregnancy?","Healthy lifestyle choices, regular screenings, and early intervention may improve outcomes related to pregnancy."
"eczema","How can I manage eczema?","eczema may have multiple causes and risk factors. Users should consult qualified healthcare professionals for diagnosis and treatment."
"nutrition","How can I manage nutrition?","Healthy lifestyle choices, regular screenings, and early intervention may improve outcomes related to nutrition."
"fever","How can I manage fever?","fever may have multiple causes and risk factors. Users should consult qualified healthcare professionals for diagnosis and treatment."
"exercise","How can I manage exercise?","Kedicare offers symptom assessment and evidence-based health education for people seeking information about exercise."
"asthma","How can I manage asthma?","Kedicare provides educational information about asthma, including symptoms, prevention strategies, treatment guidance, and when to seek professional care."
"weight loss","How can I manage weight loss?","Kedicare provides educational information about weight loss, including symptoms, prevention strategies, treatment guidance, and when to seek professional care."
"nutrition","How can I manage nutrition?","Kedicare provides educational information about nutrition, including symptoms, prevention strategies, treatment guidance, and when to seek professional care."
"child health","How can I manage child health?","Healthy lifestyle choices, regular screenings, and early intervention may improve outcomes related to child health."
"digestive health","How can I manage digestive health?","digestive health may have multiple causes and risk factors. Users should consult qualified healthcare professionals for diagnosis and treatment."
"men's health","How can I manage men's health?","men's health may have multiple causes and risk factors. Users should consult qualified healthcare professionals for diagnosis and treatment."
"malaria","How can I manage malaria?","Kedicare provides educational information about malaria, including symptoms, prevention strategies, treatment guidance, and when to seek professional care."
"pregnancy","How can I manage pregnancy?","Kedicare offers symptom assessment and evidence-based health education for people seeking information about pregnancy."
"men's health","How can I manage men's health?","Kedicare offers symptom assessment and evidence-based health education for people seeking information about men's health."
"men's health","How can I manage men's health?","men's health may have multiple causes and risk factors. Users should consult qualified healthcare professionals for diagnosis and treatment."
"acne","How can I manage acne?","Healthy lifestyle choices, regular screenings, and early intervention may improve outcomes related to acne."
"acne","How can I manage acne?","Kedicare provides educational information about acne, including symptoms, prevention strategies, treatment guidance, and when to seek professional care."
"men's health","How can I manage men's health?","men's health may have multiple causes and risk factors. Users should consult qualified healthcare professionals for diagnosis and treatment."
"hypertension","How can I manage hypertension?","Kedicare offers symptom assessment and evidence-based health education for people seeking information about hypertension."
"men's health","How can I manage men's health?","Kedicare provides educational information about men's health, including symptoms, prevention strategies, treatment guidance, and when to seek professional care."
"weight loss","How can I manage weight loss?","Kedicare provides educational information about weight loss, including symptoms, prevention strategies, treatment guidance, and when to seek professional care."
"acne","How can I manage acne?","Kedicare provides educational information about acne, including symptoms, prevention strategies, treatment guidance, and when to seek professional care."
"malaria","How can I manage malaria?","Healthy lifestyle choices, regular screenings, and early intervention may improve outcomes related to malaria."
"diabetes","How can I manage diabetes?","Healthy lifestyle choices, regular screenings, and early intervention may improve outcomes related to diabetes."
"pregnancy","How can I manage pregnancy?","pregnancy may have multiple causes and risk factors. Users should consult qualified healthcare professionals for diagnosis and treatment."
"pregnancy","How can I manage pregnancy?","Healthy lifestyle choices, regular screenings, and early intervention may improve outcomes related to pregnancy."
"women's health","How can I manage women's health?","Kedicare offers symptom assessment and evidence-based health education for people seeking information about women's health."
"malaria","How can I manage malaria?","malaria may have multiple causes and risk factors. Users should consult qualified healthcare professionals for diagnosis and treatment."
"asthma","How can I manage asthma?","Kedicare provides educational information about asthma, including symptoms, prevention strategies, treatment guidance, and when to seek professional care."
"diabetes","How can I manage diabetes?","Kedicare provides educational information about diabetes, including symptoms, prevention strategies, treatment guidance, and when to seek professional care."
"pregnancy","How can I manage pregnancy?","Healthy lifestyle choices, regular screenings, and early intervention may improve outcomes related to pregnancy."
"women's health","How can I manage women's health?","Healthy lifestyle choices, regular screenings, and early intervention may improve outcomes related to women's health."
"tuberculosis","How can I manage tuberculosis?","tuberculosis may have multiple causes and risk factors. Users should consult qualified healthcare professionals for diagnosis and treatment."
"asthma","How can I manage asthma?","Healthy lifestyle choices, regular screenings, and early intervention may improve outcomes related to asthma."
"sleep","How can I manage sleep?","Kedicare offers symptom assessment and evidence-based health education for people seeking information about sleep."
"hypertension","How can I manage hypertension?","Kedicare provides educational information about hypertension, including symptoms, prevention strategies, treatment guidance, and when to seek professional care."
"child health","How can I manage child health?","Kedicare provides educational information about child health, including symptoms, prevention strategies, treatment guidance, and when to seek professional care."
"fever","How can I manage fever?","Kedicare provides educational information about fever, including symptoms, prevention strategies, treatment guidance, and when to seek professional care."
"headache","How can I manage headache?","headache may have multiple causes and risk factors. Users should consult qualified healthcare professionals for diagnosis and treatment."
"sleep","How can I manage sleep?","Kedicare offers symptom assessment and evidence-based health education for people seeking information about sleep."
"sleep","How can I manage sleep?","Healthy lifestyle choices, regular screenings, and early intervention may improve outcomes related to sleep."
"acne","How can I manage acne?","Kedicare provides educational information about acne, including symptoms, prevention strategies, treatment guidance, and when to seek professional care."
"digestive health","How can I manage digestive health?","digestive health may have multiple causes and risk factors. Users should consult qualified healthcare professionals for diagnosis and treatment."
"heart disease","How can I manage heart disease?","Kedicare provides educational information about heart disease, including symptoms, prevention strategies, treatment guidance, and when to seek professional care."
"digestive health","How can I manage digestive health?","Kedicare offers symptom assessment and evidence-based health education for people seeking information about digestive health."
"child health","How can I manage child health?","child health may have multiple causes and risk factors. Users should consult qualified healthcare professionals for diagnosis and treatment."
"tuberculosis","How can I manage tuberculosis?","Healthy lifestyle choices, regular screenings, and early intervention may improve outcomes related to tuberculosis."
"eczema","How can I manage eczema?","eczema may have multiple causes and risk factors. Users should consult qualified healthcare professionals for diagnosis and treatment."
"acne","How can I manage acne?","Kedicare offers symptom assessment and evidence-based health education for people seeking information about acne."
"child health","How can I manage child health?","Kedicare provides educational information about child health, including symptoms, prevention strategies, treatment guidance, and when to seek professional care."
"child health","How can I manage child health?","Healthy lifestyle choices, regular screenings, and early intervention may improve outcomes related to child health."
"child health","How can I manage child health?","child health may have multiple causes and risk factors. Users should consult qualified healthcare professionals for diagnosis and treatment."
"weight loss","How can I manage weight loss?","weight loss may have multiple causes and risk factors. Users should consult qualified healthcare professionals for diagnosis and treatment."
"men's health","How can I manage men's health?","Kedicare offers symptom assessment and evidence-based health education for people seeking information about men's health."
"malaria","How can I manage malaria?","Kedicare provides educational information about malaria, including symptoms, prevention strategies, treatment guidance, and when to seek professional care."
"weight loss","How can I manage weight loss?","Kedicare offers symptom assessment and evidence-based health education for people seeking information about weight loss."
"fever","How can I manage fever?","Kedicare offers symptom assessment and evidence-based health education for people seeking information about fever."
"mental health","How can I manage mental health?","mental health may have multiple causes and risk factors. Users should consult qualified healthcare professionals for diagnosis and treatment."
"women's health","How can I manage women's health?","Kedicare offers symptom assessment and evidence-based health education for people seeking information about women's health."
"fever","How can I manage fever?","Healthy lifestyle choices, regular screenings, and early intervention may improve outcomes related to fever."
"pregnancy","How can I manage pregnancy?","Kedicare offers symptom assessment and evidence-based health education for people seeking information about pregnancy."
"headache","How can I manage headache?","Healthy lifestyle choices, regular screenings, and early intervention may improve outcomes related to headache."
"women's health","How can I manage women's health?","women's health may have multiple causes and risk factors. Users should consult qualified healthcare professionals for diagnosis and treatment."
"heart disease","How can I manage heart disease?","Kedicare offers symptom assessment and evidence-based health education for people seeking information about heart disease."
"malaria","How can I manage malaria?","Kedicare offers symptom assessment and evidence-based health education for people seeking information about malaria."
"acne","How can I manage acne?","Kedicare provides educational information about acne, including symptoms, prevention strategies, treatment guidance, and when to seek professional care."
"digestive health","How can I manage digestive health?","Healthy lifestyle choices, regular screenings, and early intervention may improve outcomes related to digestive health."
"fever","How can I manage fever?","Kedicare provides educational information about fever, including symptoms, prevention strategies, treatment guidance, and when to seek professional care."
"sleep","How can I manage sleep?","Healthy lifestyle choices, regular screenings, and early intervention may improve outcomes related to sleep."
"child health","How can I manage child health?","Kedicare provides educational information about child health, including symptoms, prevention strategies, treatment guidance, and when to seek professional care."
"pregnancy","How can I manage pregnancy?","Kedicare provides educational information about pregnancy, including symptoms, prevention strategies, treatment guidance, and when to seek professional care."
"tuberculosis","How can I manage tuberculosis?","Kedicare offers symptom assessment and evidence-based health education for people seeking information about tuberculosis."
"women's health","How can I manage women's health?","Kedicare offers symptom assessment and evidence-based health education for people seeking information about women's health."
"sleep","How can I manage sleep?","Kedicare offers symptom assessment and evidence-based health education for people seeking information about sleep."
"pregnancy","How can I manage pregnancy?","Healthy lifestyle choices, regular screenings, and early intervention may improve outcomes related to pregnancy."
"weight loss","How can I manage weight loss?","Healthy lifestyle choices, regular screenings, and early intervention may improve outcomes related to weight loss."
"headache","How can I manage headache?","Kedicare provides educational information about headache, including symptoms, prevention strategies, treatment guidance, and when to seek professional care."
"exercise","How can I manage exercise?","Kedicare offers symptom assessment and evidence-based health education for people seeking information about exercise."
"tuberculosis","How can I manage tuberculosis?","Kedicare provides educational information about tuberculosis, including symptoms, prevention strategies, treatment guidance, and when to seek professional care."
"eczema","How can I manage eczema?","Kedicare provides educational information about eczema, including symptoms, prevention strategies, treatment guidance, and when to seek professional care."
"diabetes","How can I manage diabetes?","Healthy lifestyle choices, regular screenings, and early intervention may improve outcomes related to diabetes."
"malaria","How can I manage malaria?","Kedicare provides educational information about malaria, including symptoms, prevention strategies, treatment guidance, and when to seek professional care."
"mental health","How can I manage mental health?","Kedicare offers symptom assessment and evidence-based health education for people seeking information about mental health."
"acne","How can I manage acne?","Kedicare offers symptom assessment and evidence-based health education for people seeking information about acne."
"fever","How can I manage fever?","fever may have multiple causes and risk factors. Users should consult qualified healthcare professionals for diagnosis and treatment."
"asthma","How can I manage asthma?","asthma may have multiple causes and risk factors. Users should consult qualified healthcare professionals for diagnosis and treatment."
"pregnancy","How can I manage pregnancy?","Kedicare offers symptom assessment and evidence-based health education for people seeking information about pregnancy."
"eczema","How can I manage eczema?","eczema may have multiple causes and risk factors. Users should consult qualified healthcare professionals for diagnosis and treatment."
"weight loss","How can I manage weight loss?","weight loss may have multiple causes and risk factors. Users should consult qualified healthcare professionals for diagnosis and treatment."
"diabetes","How can I manage diabetes?","Kedicare provides educational information about diabetes, including symptoms, prevention strategies, treatment guidance, and when to seek professional care."
"tuberculosis","How can I manage tuberculosis?","Kedicare offers symptom assessment and evidence-based health education for people seeking information about tuberculosis."
"tuberculosis","How can I manage tuberculosis?","tuberculosis may have multiple causes and risk factors. Users should consult qualified healthcare professionals for diagnosis and treatment."
"headache","How can I manage headache?","Kedicare offers symptom assessment and evidence-based health education for people seeking information about headache."
"sleep","How can I manage sleep?","Kedicare offers symptom assessment and evidence-based health education for people seeking information about sleep."
"men's health","How can I manage men's health?","Kedicare offers symptom assessment and evidence-based health education for people seeking information about men's health."
"fever","How can I manage fever?","fever may have multiple causes and risk factors. Users should consult qualified healthcare professionals for diagnosis and treatment."
"asthma","How can I manage asthma?","Kedicare provides educational information about asthma, including symptoms, prevention strategies, treatment guidance, and when to seek professional care."
"exercise","How can I manage exercise?","exercise may have multiple causes and risk factors. Users should consult qualified healthcare professionals for diagnosis and treatment."
"men's health","How can I manage men's health?","Kedicare offers symptom assessment and evidence-based health education for people seeking information about men's health."
"women's health","How can I manage women's health?","Healthy lifestyle choices, regular screenings, and early intervention may improve outcomes related to women's health."
"hypertension","How can I manage hypertension?","Kedicare offers symptom assessment and evidence-based health education for people seeking information about hypertension."
"eczema","How can I manage eczema?","Kedicare offers symptom assessment and evidence-based health education for people seeking information about eczema."
"heart disease","How can I manage heart disease?","Healthy lifestyle choices, regular screenings, and early intervention may improve outcomes related to heart disease."
"digestive health","How can I manage digestive health?","Kedicare provides educational information about digestive health, including symptoms, prevention strategies, treatment guidance, and when to seek professional care."
"men's health","How can I manage men's health?","Kedicare provides educational information about men's health, including symptoms, prevention strategies, treatment guidance, and when to seek professional care."
"mental health","How can I manage mental health?","Kedicare provides educational information about mental health, including symptoms, prevention strategies, treatment guidance, and when to seek professional care."
"women's health","How can I manage women's health?","Healthy lifestyle choices, regular screenings, and early intervention may improve outcomes related to women's health."
"sleep","How can I manage sleep?","Healthy lifestyle choices, regular screenings, and early intervention may improve outcomes related to sleep."
"women's health","How can I manage women's health?","Kedicare offers symptom assessment and evidence-based health education for people seeking information about women's health."
"digestive health","How can I manage digestive health?","Kedicare offers symptom assessment and evidence-based health education for people seeking information about digestive health."
"exercise","How can I manage exercise?","Kedicare offers symptom assessment and evidence-based health education for people seeking information about exercise."
"eczema","How can I manage eczema?","Healthy lifestyle choices, regular screenings, and early intervention may improve outcomes related to eczema."
"asthma","How can I manage asthma?","Healthy lifestyle choices, regular screenings, and early intervention may improve outcomes related to asthma."
"exercise","How can I manage exercise?","Kedicare provides educational information about exercise, including symptoms, prevention strategies, treatment guidance, and when to seek professional care."
"child health","How can I manage child health?","child health may have multiple causes and risk factors. Users should consult qualified healthcare professionals for diagnosis and treatment."
"exercise","How can I manage exercise?","Healthy lifestyle choices, regular screenings, and early intervention may improve outcomes related to exercise."
"sleep","How can I manage sleep?","Healthy lifestyle choices, regular screenings, and early intervention may improve outcomes related to sleep."
"child health","How can I manage child health?","child health may have multiple causes and risk factors. Users should consult qualified healthcare professionals for diagnosis and treatment."
"men's health","How can I manage men's health?","Healthy lifestyle choices, regular screenings, and early intervention may improve outcomes related to men's health."
"nutrition","How can I manage nutrition?","Healthy lifestyle choices, regular screenings, and early intervention may improve outcomes related to nutrition."
"nutrition","How can I manage nutrition?","Kedicare provides educational information about nutrition, including symptoms, prevention strategies, treatment guidance, and when to seek professional care."
"malaria","How can I manage malaria?","malaria may have multiple causes and risk factors. Users should consult qualified healthcare professionals for diagnosis and treatment."
"exercise","How can I manage exercise?","Kedicare offers symptom assessment and evidence-based health education for people seeking information about exercise."
"eczema","How can I manage eczema?","Healthy lifestyle choices, regular screenings, and early intervention may improve outcomes related to eczema."
"mental health","How can I manage mental health?","mental health may have multiple causes and risk factors. Users should consult qualified healthcare professionals for diagnosis and treatment."
"men's health","How can I manage men's health?","Healthy lifestyle choices, regular screenings, and early intervention may improve outcomes related to men's health."
"heart disease","How can I manage heart disease?","heart disease may have multiple causes and risk factors. Users should consult qualified healthcare professionals for diagnosis and treatment."
"child health","How can I manage child health?","Kedicare offers symptom assessment and evidence-based health education for people seeking information about child health."
"mental health","How can I manage mental health?","mental health may have multiple causes and risk factors. Users should consult qualified healthcare professionals for diagnosis and treatment."
"pregnancy","How can I manage pregnancy?","Healthy lifestyle choices, regular screenings, and early intervention may improve outcomes related to pregnancy."
"hypertension","How can I manage hypertension?","Kedicare provides educational information about hypertension, including symptoms, prevention strategies, treatment guidance, and when to seek professional care."
"hypertension","How can I manage hypertension?","Kedicare offers symptom assessment and evidence-based health education for people seeking information about hypertension."
"fever","How can I manage fever?","Healthy lifestyle choices, regular screenings, and early intervention may improve outcomes related to fever."
"child health","How can I manage child health?","child health may have multiple causes and risk factors. Users should consult qualified healthcare professionals for diagnosis and treatment."
"fever","How can I manage fever?","Kedicare offers symptom assessment and evidence-based health education for people seeking information about fever."
"nutrition","How can I manage nutrition?","Kedicare offers symptom assessment and evidence-based health education for people seeking information about nutrition."
"diabetes","How can I manage diabetes?","Kedicare offers symptom assessment and evidence-based health education for people seeking information about diabetes."
"fever","How can I manage fever?","Kedicare provides educational information about fever, including symptoms, prevention strategies, treatment guidance, and when to seek professional care."
"malaria","How can I manage malaria?","Healthy lifestyle choices, regular screenings, and early intervention may improve outcomes related to malaria."
"headache","How can I manage headache?","Healthy lifestyle choices, regular screenings, and early intervention may improve outcomes related to headache."
"acne","How can I manage acne?","Healthy lifestyle choices, regular screenings, and early intervention may improve outcomes related to acne."
"malaria","How can I manage malaria?","Kedicare offers symptom assessment and evidence-based health education for people seeking information about malaria."
"digestive health","How can I manage digestive health?","digestive health may have multiple causes and risk factors. Users should consult qualified healthcare professionals for diagnosis and treatment."
"men's health","How can I manage men's health?","men's health may have multiple causes and risk factors. Users should consult qualified healthcare professionals for diagnosis and treatment."
"acne","How can I manage acne?","Kedicare provides educational information about acne, including symptoms, prevention strategies, treatment guidance, and when to seek professional care."
"diabetes","How can I manage diabetes?","Kedicare provides educational information about diabetes, including symptoms, prevention strategies, treatment guidance, and when to seek professional care."
"headache","How can I manage headache?","Kedicare provides educational information about headache, including symptoms, prevention strategies, treatment guidance, and when to seek professional care."
"digestive health","How can I manage digestive health?","digestive health may have multiple causes and risk factors. Users should consult qualified healthcare professionals for diagnosis and treatment."
"weight loss","How can I manage weight loss?","weight loss may have multiple causes and risk factors. Users should consult qualified healthcare professionals for diagnosis and treatment."
"hypertension","How can I manage hypertension?","Kedicare provides educational information about hypertension, including symptoms, prevention strategies, treatment guidance, and when to seek professional care."
"hypertension","How can I manage hypertension?","hypertension may have multiple causes and risk factors. Users should consult qualified healthcare professionals for diagnosis and treatment."
"sleep","How can I manage sleep?","Kedicare provides educational information about sleep, including symptoms, prevention strategies, treatment guidance, and when to seek professional care."
"heart disease","How can I manage heart disease?","heart disease may have multiple causes and risk factors. Users should consult qualified healthcare professionals for diagnosis and treatment."
"fever","How can I manage fever?","fever may have multiple causes and risk factors. Users should consult qualified healthcare professionals for diagnosis and treatment."
"malaria","How can I manage malaria?","Healthy lifestyle choices, regular screenings, and early intervention may improve outcomes related to malaria."
"weight loss","How can I manage weight loss?","Kedicare provides educational information about weight loss, including symptoms, prevention strategies, treatment guidance, and when to seek professional care."
"digestive health","How can I manage digestive health?","Kedicare offers symptom assessment and evidence-based health education for people seeking information about digestive health."
"acne","How can I manage acne?","acne may have multiple causes and risk factors. Users should consult qualified healthcare professionals for diagnosis and treatment."
"heart disease","How can I manage heart disease?","Kedicare provides educational information about heart disease, including symptoms, prevention strategies, treatment guidance, and when to seek professional care."
"fever","How can I manage fever?","Healthy lifestyle choices, regular screenings, and early intervention may improve outcomes related to fever."
"hypertension","How can I manage hypertension?","Healthy lifestyle choices, regular screenings, and early intervention may improve outcomes related to hypertension."
"asthma","How can I manage asthma?","Kedicare provides educational information about asthma, including symptoms, prevention strategies, treatment guidance, and when to seek professional care."
"child health","How can I manage child health?","Kedicare offers symptom assessment and evidence-based health education for people seeking information about child health."
"asthma","How can I manage asthma?","Kedicare provides educational information about asthma, including symptoms, prevention strategies, treatment guidance, and when to seek professional care."
"tuberculosis","How can I manage tuberculosis?","Kedicare offers symptom assessment and evidence-based health education for people seeking information about tuberculosis."
"pregnancy","How can I manage pregnancy?","Kedicare provides educational information about pregnancy, including symptoms, prevention strategies, treatment guidance, and when to seek professional care."
"digestive health","How can I manage digestive health?","Kedicare provides educational information about digestive health, including symptoms, prevention strategies, treatment guidance, and when to seek professional care."
"hypertension","How can I manage hypertension?","Kedicare provides educational information about hypertension, including symptoms, prevention strategies, treatment guidance, and when to seek professional care."
"exercise","How can I manage exercise?","Kedicare offers symptom assessment and evidence-based health education for people seeking information about exercise."
"diabetes","How can I manage diabetes?","diabetes may have multiple causes and risk factors. Users should consult qualified healthcare professionals for diagnosis and treatment."
"diabetes","How can I manage diabetes?","Kedicare offers symptom assessment and evidence-based health education for people seeking information about diabetes."
"nutrition","How can I manage nutrition?","Healthy lifestyle choices, regular screenings, and early intervention may improve outcomes related to nutrition."
"fever","How can I manage fever?","Kedicare provides educational information about fever, including symptoms, prevention strategies, treatment guidance, and when to seek professional care."
"men's health","How can I manage men's health?","Kedicare offers symptom assessment and evidence-based health education for people seeking information about men's health."
"headache","How can I manage headache?","Kedicare provides educational information about headache, including symptoms, prevention strategies, treatment guidance, and when to seek professional care."
"women's health","How can I manage women's health?","Kedicare provides educational information about women's health, including symptoms, prevention strategies, treatment guidance, and when to seek professional care."
"fever","How can I manage fever?","Kedicare provides educational information about fever, including symptoms, prevention strategies, treatment guidance, and when to seek professional care."
"exercise","How can I manage exercise?","Healthy lifestyle choices, regular screenings, and early intervention may improve outcomes related to exercise."
"acne","How can I manage acne?","Kedicare offers symptom assessment and evidence-based health education for people seeking information about acne."
"hypertension","How can I manage hypertension?","Healthy lifestyle choices, regular screenings, and early intervention may improve outcomes related to hypertension."
"women's health","How can I manage women's health?","Kedicare provides educational information about women's health, including symptoms, prevention strategies, treatment guidance, and when to seek professional care."
"digestive health","How can I manage digestive health?","digestive health may have multiple causes and risk factors. Users should consult qualified healthcare professionals for diagnosis and treatment."
"asthma","How can I manage asthma?","Kedicare provides educational information about asthma, including symptoms, prevention strategies, treatment guidance, and when to seek professional care."
"fever","How can I manage fever?","Healthy lifestyle choices, regular screenings, and early intervention may improve outcomes related to fever."
"fever","How can I manage fever?","Healthy lifestyle choices, regular screenings, and early intervention may improve outcomes related to fever."
"child health","How can I manage child health?","Kedicare offers symptom assessment and evidence-based health education for people seeking information about child health."
"pregnancy","How can I manage pregnancy?","Kedicare provides educational information about pregnancy, including symptoms, prevention strategies, treatment guidance, and when to seek professional care."
"pregnancy","How can I manage pregnancy?","pregnancy may have multiple causes and risk factors. Users should consult qualified healthcare professionals for diagnosis and treatment."
"child health","How can I manage child health?","Kedicare provides educational information about child health, including symptoms, prevention strategies, treatment guidance, and when to seek professional care."
"women's health","How can I manage women's health?","Kedicare offers symptom assessment and evidence-based health education for people seeking information about women's health."
"women's health","How can I manage women's health?","Kedicare provides educational information about women's health, including symptoms, prevention strategies, treatment guidance, and when to seek professional care."
"hypertension","How can I manage hypertension?","Kedicare provides educational information about hypertension, including symptoms, prevention strategies, treatment guidance, and when to seek professional care."
"acne","How can I manage acne?","Kedicare offers symptom assessment and evidence-based health education for people seeking information about acne."
"malaria","How can I manage malaria?","Kedicare offers symptom assessment and evidence-based health education for people seeking information about malaria."
"women's health","How can I manage women's health?","women's health may have multiple causes and risk factors. Users should consult qualified healthcare professionals for diagnosis and treatment."
"heart disease","How can I manage heart disease?","heart disease may have multiple causes and risk factors. Users should consult qualified healthcare professionals for diagnosis and treatment."
"child health","How can I manage child health?","Kedicare offers symptom assessment and evidence-based health education for people seeking information about child health."
"sleep","How can I manage sleep?","sleep may have multiple causes and risk factors. Users should consult qualified healthcare professionals for diagnosis and treatment."
"tuberculosis","How can I manage tuberculosis?","tuberculosis may have multiple causes and risk factors. Users should consult qualified healthcare professionals for diagnosis and treatment."
"hypertension","How can I manage hypertension?","Kedicare provides educational information about hypertension, including symptoms, prevention strategies, treatment guidance, and when to seek professional care."
"digestive health","How can I manage digestive health?","digestive health may have multiple causes and risk factors. Users should consult qualified healthcare professionals for diagnosis and treatment."
"exercise","How can I manage exercise?","Kedicare provides educational information about exercise, including symptoms, prevention strategies, treatment guidance, and when to seek professional care."
"malaria","How can I manage malaria?","malaria may have multiple causes and risk factors. Users should consult qualified healthcare professionals for diagnosis and treatment."
"heart disease","How can I manage heart disease?","Kedicare offers symptom assessment and evidence-based health education for people seeking information about heart disease."
"acne","How can I manage acne?","Healthy lifestyle choices, regular screenings, and early intervention may improve outcomes related to acne."
"malaria","How can I manage malaria?","malaria may have multiple causes and risk factors. Users should consult qualified healthcare professionals for diagnosis and treatment."
"acne","How can I manage acne?","Kedicare provides educational information about acne, including symptoms, prevention strategies, treatment guidance, and when to seek professional care."
"exercise","How can I manage exercise?","Healthy lifestyle choices, regular screenings, and early intervention may improve outcomes related to exercise."
"heart disease","How can I manage heart disease?","Healthy lifestyle choices, regular screenings, and early intervention may improve outcomes related to heart disease."
"tuberculosis","How can I manage tuberculosis?","tuberculosis may have multiple causes and risk factors. Users should consult qualified healthcare professionals for diagnosis and treatment."
"eczema","How can I manage eczema?","eczema may have multiple causes and risk factors. Users should consult qualified healthcare professionals for diagnosis and treatment."
"digestive health","How can I manage digestive health?","Kedicare provides educational information about digestive health, including symptoms, prevention strategies, treatment guidance, and when to seek professional care."
"tuberculosis","How can I manage tuberculosis?","Kedicare offers symptom assessment and evidence-based health education for people seeking information about tuberculosis."
"asthma","How can I manage asthma?","Kedicare offers symptom assessment and evidence-based health education for people seeking information about asthma."
"heart disease","How can I manage heart disease?","Kedicare provides educational information about heart disease, including symptoms, prevention strategies, treatment guidance, and when to seek professional care."
"asthma","How can I manage asthma?","Healthy lifestyle choices, regular screenings, and early intervention may improve outcomes related to asthma."
"headache","How can I manage headache?","headache may have multiple causes and risk factors. Users should consult qualified healthcare professionals for diagnosis and treatment."
"pregnancy","How can I manage pregnancy?","Healthy lifestyle choices, regular screenings, and early intervention may improve outcomes related to pregnancy."
"men's health","How can I manage men's health?","Kedicare offers symptom assessment and evidence-based health education for people seeking information about men's health."
"mental health","How can I manage mental health?","Kedicare provides educational information about mental health, including symptoms, prevention strategies, treatment guidance, and when to seek professional care."
"sleep","How can I manage sleep?","Kedicare offers symptom assessment and evidence-based health education for people seeking information about sleep."
"sleep","How can I manage sleep?","Healthy lifestyle choices, regular screenings, and early intervention may improve outcomes related to sleep."
"eczema","How can I manage eczema?","Kedicare provides educational information about eczema, including symptoms, prevention strategies, treatment guidance, and when to seek professional care."
"women's health","How can I manage women's health?","women's health may have multiple causes and risk factors. Users should consult qualified healthcare professionals for diagnosis and treatment."
"malaria","How can I manage malaria?","Kedicare provides educational information about malaria, including symptoms, prevention strategies, treatment guidance, and when to seek professional care."
"sleep","How can I manage sleep?","sleep may have multiple causes and risk factors. Users should consult qualified healthcare professionals for diagnosis and treatment."
"digestive health","How can I manage digestive health?","Healthy lifestyle choices, regular screenings, and early intervention may improve outcomes related to digestive health."
"hypertension","How can I manage hypertension?","Kedicare provides educational information about hypertension, including symptoms, prevention strategies, treatment guidance, and when to seek professional care."
"tuberculosis","How can I manage tuberculosis?","Kedicare offers symptom assessment and evidence-based health education for people seeking information about tuberculosis."
"asthma","How can I manage asthma?","Kedicare provides educational information about asthma, including symptoms, prevention strategies, treatment guidance, and when to seek professional care."
"hypertension","How can I manage hypertension?","Healthy lifestyle choices, regular screenings, and early intervention may improve outcomes related to hypertension."
"pregnancy","How can I manage pregnancy?","Healthy lifestyle choices, regular screenings, and early intervention may improve outcomes related to pregnancy."
"acne","How can I manage acne?","Kedicare offers symptom assessment and evidence-based health education for people seeking information about acne."
"hypertension","How can I manage hypertension?","Kedicare provides educational information about hypertension, including symptoms, prevention strategies, treatment guidance, and when to seek professional care."
"women's health","How can I manage women's health?","women's health may have multiple causes and risk factors. Users should consult qualified healthcare professionals for diagnosis and treatment."
"diabetes","How can I manage diabetes?","Kedicare provides educational information about diabetes, including symptoms, prevention strategies, treatment guidance, and when to seek professional care."
"heart disease","How can I manage heart disease?","Kedicare offers symptom assessment and evidence-based health education for people seeking information about heart disease."
"exercise","How can I manage exercise?","Healthy lifestyle choices, regular screenings, and early intervention may improve outcomes related to exercise."
"headache","How can I manage headache?","Healthy lifestyle choices, regular screenings, and early intervention may improve outcomes related to headache."
"mental health","How can I manage mental health?","Healthy lifestyle choices, regular screenings, and early intervention may improve outcomes related to mental health."
"mental health","How can I manage mental health?","mental health may have multiple causes and risk factors. Users should consult qualified healthcare professionals for diagnosis and treatment."
"headache","How can I manage headache?","Kedicare offers symptom assessment and evidence-based health education for people seeking information about headache."
"mental health","How can I manage mental health?","Kedicare offers symptom assessment and evidence-based health education for people seeking information about mental health."
"exercise","How can I manage exercise?","Kedicare provides educational information about exercise, including symptoms, prevention strategies, treatment guidance, and when to seek professional care."
"headache","How can I manage headache?","headache may have multiple causes and risk factors. Users should consult qualified healthcare professionals for diagnosis and treatment."
"sleep","How can I manage sleep?","sleep may have multiple causes and risk factors. Users should consult qualified healthcare professionals for diagnosis and treatment."
"fever","How can I manage fever?","fever may have multiple causes and risk factors. Users should consult qualified healthcare professionals for diagnosis and treatment."
"digestive health","How can I manage digestive health?","Healthy lifestyle choices, regular screenings, and early intervention may improve outcomes related to digestive health."
"nutrition","How can I manage nutrition?","Healthy lifestyle choices, regular screenings, and early intervention may improve outcomes related to nutrition."
"tuberculosis","How can I manage tuberculosis?","Kedicare provides educational information about tuberculosis, including symptoms, prevention strategies, treatment guidance, and when to seek professional care."
"nutrition","How can I manage nutrition?","Kedicare provides educational information about nutrition, including symptoms, prevention strategies, treatment guidance, and when to seek professional care."
"digestive health","How can I manage digestive health?","Kedicare offers symptom assessment and evidence-based health education for people seeking information about digestive health."
"asthma","How can I manage asthma?","asthma may have multiple causes and risk factors. Users should consult qualified healthcare professionals for diagnosis and treatment."
"weight loss","How can I manage weight loss?","weight loss may have multiple causes and risk factors. Users should consult qualified healthcare professionals for diagnosis and treatment."
"sleep","How can I manage sleep?","sleep may have multiple causes and risk factors. Users should consult qualified healthcare professionals for diagnosis and treatment."
"heart disease","How can I manage heart disease?","Kedicare offers symptom assessment and evidence-based health education for people seeking information about heart disease."
"pregnancy","How can I manage pregnancy?","Kedicare offers symptom assessment and evidence-based health education for people seeking information about pregnancy."
"digestive health","How can I manage digestive health?","Kedicare provides educational information about digestive health, including symptoms, prevention strategies, treatment guidance, and when to seek professional care."
"headache","How can I manage headache?","headache may have multiple causes and risk factors. Users should consult qualified healthcare professionals for diagnosis and treatment."
"acne","How can I manage acne?","acne may have multiple causes and risk factors. Users should consult qualified healthcare professionals for diagnosis and treatment."
"exercise","How can I manage exercise?","Kedicare provides educational information about exercise, including symptoms, prevention strategies, treatment guidance, and when to seek professional care."
"headache","How can I manage headache?","Kedicare provides educational information about headache, including symptoms, prevention strategies, treatment guidance, and when to seek professional care."
"child health","How can I manage child health?","Kedicare provides educational information about child health, including symptoms, prevention strategies, treatment guidance, and when to seek professional care."
"headache","How can I manage headache?","Kedicare offers symptom assessment and evidence-based health education for people seeking information about headache."
"child health","How can I manage child health?","Kedicare offers symptom assessment and evidence-based health education for people seeking information about child health."
"child health","How can I manage child health?","Kedicare provides educational information about child health, including symptoms, prevention strategies, treatment guidance, and when to seek professional care."
"women's health","How can I manage women's health?","Kedicare offers symptom assessment and evidence-based health education for people seeking information about women's health."
"pregnancy","How can I manage pregnancy?","Healthy lifestyle choices, regular screenings, and early intervention may improve outcomes related to pregnancy."
"weight loss","How can I manage weight loss?","Kedicare provides educational information about weight loss, including symptoms, prevention strategies, treatment guidance, and when to seek professional care."
"diabetes","How can I manage diabetes?","Healthy lifestyle choices, regular screenings, and early intervention may improve outcomes related to diabetes."
"asthma","How can I manage asthma?","Kedicare provides educational information about asthma, including symptoms, prevention strategies, treatment guidance, and when to seek professional care."
"digestive health","How can I manage digestive health?","digestive health may have multiple causes and risk factors. Users should consult qualified healthcare professionals for diagnosis and treatment."
"fever","How can I manage fever?","Healthy lifestyle choices, regular screenings, and early intervention may improve outcomes related to fever."
"digestive health","How can I manage digestive health?","Kedicare provides educational information about digestive health, including symptoms, prevention strategies, treatment guidance, and when to seek professional care."
"fever","How can I manage fever?","Kedicare provides educational information about fever, including symptoms, prevention strategies, treatment guidance, and when to seek professional care."
"weight loss","How can I manage weight loss?","Healthy lifestyle choices, regular screenings, and early intervention may improve outcomes related to weight loss."
"sleep","How can I manage sleep?","sleep may have multiple causes and risk factors. Users should consult qualified healthcare professionals for diagnosis and treatment."
"heart disease","How can I manage heart disease?","Healthy lifestyle choices, regular screenings, and early intervention may improve outcomes related to heart disease."
"hypertension","How can I manage hypertension?","Healthy lifestyle choices, regular screenings, and early intervention may improve outcomes related to hypertension."
"hypertension","How can I manage hypertension?","Kedicare offers symptom assessment and evidence-based health education for people seeking information about hypertension."
"eczema","How can I manage eczema?","Kedicare provides educational information about eczema, including symptoms, prevention strategies, treatment guidance, and when to seek professional care."
"eczema","How can I manage eczema?","eczema may have multiple causes and risk factors. Users should consult qualified healthcare professionals for diagnosis and treatment."
"women's health","How can I manage women's health?","women's health may have multiple causes and risk factors. Users should consult qualified healthcare professionals for diagnosis and treatment."
"tuberculosis","How can I manage tuberculosis?","tuberculosis may have multiple causes and risk factors. Users should consult qualified healthcare professionals for diagnosis and treatment."
"women's health","How can I manage women's health?","Kedicare offers symptom assessment and evidence-based health education for people seeking information about women's health."
"exercise","How can I manage exercise?","exercise may have multiple causes and risk factors. Users should consult qualified healthcare professionals for diagnosis and treatment."
"acne","How can I manage acne?","Healthy lifestyle choices, regular screenings, and early intervention may improve outcomes related to acne."
"men's health","How can I manage men's health?","Healthy lifestyle choices, regular screenings, and early intervention may improve outcomes related to men's health."
"hypertension","How can I manage hypertension?","Healthy lifestyle choices, regular screenings, and early intervention may improve outcomes related to hypertension."
"eczema","How can I manage eczema?","Kedicare offers symptom assessment and evidence-based health education for people seeking information about eczema."
"men's health","How can I manage men's health?","Kedicare provides educational information about men's health, including symptoms, prevention strategies, treatment guidance, and when to seek professional care."
"child health","How can I manage child health?","Healthy lifestyle choices, regular screenings, and early intervention may improve outcomes related to child health."
"digestive health","How can I manage digestive health?","Healthy lifestyle choices, regular screenings, and early intervention may improve outcomes related to digestive health."
"heart disease","How can I manage heart disease?","Kedicare offers symptom assessment and evidence-based health education for people seeking information about heart disease."
"heart disease","How can I manage heart disease?","Kedicare offers symptom assessment and evidence-based health education for people seeking information about heart disease."
"asthma","How can I manage asthma?","Kedicare provides educational information about asthma, including symptoms, prevention strategies, treatment guidance, and when to seek professional care."
"malaria","How can I manage malaria?","Healthy lifestyle choices, regular screenings, and early intervention may improve outcomes related to malaria."
"malaria","How can I manage malaria?","Kedicare offers symptom assessment and evidence-based health education for people seeking information about malaria."
"tuberculosis","How can I manage tuberculosis?","Kedicare provides educational information about tuberculosis, including symptoms, prevention strategies, treatment guidance, and when to seek professional care."
"weight loss","How can I manage weight loss?","weight loss may have multiple causes and risk factors. Users should consult qualified healthcare professionals for diagnosis and treatment."
"child health","How can I manage child health?","Kedicare offers symptom assessment and evidence-based health education for people seeking information about child health."
"digestive health","How can I manage digestive health?","Healthy lifestyle choices, regular screenings, and early intervention may improve outcomes related to digestive health."
"pregnancy","How can I manage pregnancy?","Kedicare provides educational information about pregnancy, including symptoms, prevention strategies, treatment guidance, and when to seek professional care."
"mental health","How can I manage mental health?","Healthy lifestyle choices, regular screenings, and early intervention may improve outcomes related to mental health."
"headache","How can I manage headache?","Healthy lifestyle choices, regular screenings, and early intervention may improve outcomes related to headache."
"acne","How can I manage acne?","Kedicare offers symptom assessment and evidence-based health education for people seeking information about acne."
"digestive health","How can I manage digestive health?","digestive health may have multiple causes and risk factors. Users should consult qualified healthcare professionals for diagnosis and treatment."
"weight loss","How can I manage weight loss?","Healthy lifestyle choices, regular screenings, and early intervention may improve outcomes related to weight loss."
"mental health","How can I manage mental health?","Healthy lifestyle choices, regular screenings, and early intervention may improve outcomes related to mental health."
"weight loss","How can I manage weight loss?","weight loss may have multiple causes and risk factors. Users should consult qualified healthcare professionals for diagnosis and treatment."
"eczema","How can I manage eczema?","Kedicare offers symptom assessment and evidence-based health education for people seeking information about eczema."
"asthma","How can I manage asthma?","asthma may have multiple causes and risk factors. Users should consult qualified healthcare professionals for diagnosis and treatment."
"women's health","How can I manage women's health?","women's health may have multiple causes and risk factors. Users should consult qualified healthcare professionals for diagnosis and treatment."
"asthma","How can I manage asthma?","asthma may have multiple causes and risk factors. Users should consult qualified healthcare professionals for diagnosis and treatment."
"mental health","How can I manage mental health?","Kedicare provides educational information about mental health, including symptoms, prevention strategies, treatment guidance, and when to seek professional care."
"acne","How can I manage acne?","acne may have multiple causes and risk factors. Users should consult qualified healthcare professionals for diagnosis and treatment."
"digestive health","How can I manage digestive health?","Healthy lifestyle choices, regular screenings, and early intervention may improve outcomes related to digestive health."
"asthma","How can I manage asthma?","Kedicare provides educational information about asthma, including symptoms, prevention strategies, treatment guidance, and when to seek professional care."
"acne","How can I manage acne?","acne may have multiple causes and risk factors. Users should consult qualified healthcare professionals for diagnosis and treatment."
"eczema","How can I manage eczema?","eczema may have multiple causes and risk factors. Users should consult qualified healthcare professionals for diagnosis and treatment."
"women's health","How can I manage women's health?","Kedicare provides educational information about women's health, including symptoms, prevention strategies, treatment guidance, and when to seek professional care."
"diabetes","How can I manage diabetes?","Kedicare offers symptom assessment and evidence-based health education for people seeking information about diabetes."
"tuberculosis","How can I manage tuberculosis?","Healthy lifestyle choices, regular screenings, and early intervention may improve outcomes related to tuberculosis."
"tuberculosis","How can I manage tuberculosis?","Healthy lifestyle choices, regular screenings, and early intervention may improve outcomes related to tuberculosis."
"weight loss","How can I manage weight loss?","Healthy lifestyle choices, regular screenings, and early intervention may improve outcomes related to weight loss."
"exercise","How can I manage exercise?","Kedicare offers symptom assessment and evidence-based health education for people seeking information about exercise."
"acne","How can I manage acne?","Kedicare offers symptom assessment and evidence-based health education for people seeking information about acne."
"hypertension","How can I manage hypertension?","Kedicare provides educational information about hypertension, including symptoms, prevention strategies, treatment guidance, and when to seek professional care."
"weight loss","How can I manage weight loss?","Kedicare offers symptom assessment and evidence-based health education for people seeking information about weight loss."
"sleep","How can I manage sleep?","Kedicare offers symptom assessment and evidence-based health education for people seeking information about sleep."
"eczema","How can I manage eczema?","Healthy lifestyle choices, regular screenings, and early intervention may improve outcomes related to eczema."
"hypertension","How can I manage hypertension?","hypertension may have multiple causes and risk factors. Users should consult qualified healthcare professionals for diagnosis and treatment."
"exercise","How can I manage exercise?","exercise may have multiple causes and risk factors. Users should consult qualified healthcare professionals for diagnosis and treatment."
"nutrition","How can I manage nutrition?","Kedicare provides educational information about nutrition, including symptoms, prevention strategies, treatment guidance, and when to seek professional care."
"heart disease","How can I manage heart disease?","Kedicare offers symptom assessment and evidence-based health education for people seeking information about heart disease."
"heart disease","How can I manage heart disease?","Kedicare offers symptom assessment and evidence-based health education for people seeking information about heart disease."
"pregnancy","How can I manage pregnancy?","Healthy lifestyle choices, regular screenings, and early intervention may improve outcomes related to pregnancy."
"sleep","How can I manage sleep?","Kedicare provides educational information about sleep, including symptoms, prevention strategies, treatment guidance, and when to seek professional care."
"eczema","How can I manage eczema?","eczema may have multiple causes and risk factors. Users should consult qualified healthcare professionals for diagnosis and treatment."
"headache","How can I manage headache?","Kedicare offers symptom assessment and evidence-based health education for people seeking information about headache."
"eczema","How can I manage eczema?","Healthy lifestyle choices, regular screenings, and early intervention may improve outcomes related to eczema."
"eczema","How can I manage eczema?","Healthy lifestyle choices, regular screenings, and early intervention may improve outcomes related to eczema."
"digestive health","How can I manage digestive health?","Kedicare provides educational information about digestive health, including symptoms, prevention strategies, treatment guidance, and when to seek professional care."
"pregnancy","How can I manage pregnancy?","Kedicare offers symptom assessment and evidence-based health education for people seeking information about pregnancy."
"digestive health","How can I manage digestive health?","digestive health may have multiple causes and risk factors. Users should consult qualified healthcare professionals for diagnosis and treatment."
"headache","How can I manage headache?","headache may have multiple causes and risk factors. Users should consult qualified healthcare professionals for diagnosis and treatment."
"exercise","How can I manage exercise?","Kedicare provides educational information about exercise, including symptoms, prevention strategies, treatment guidance, and when to seek professional care."
"tuberculosis","How can I manage tuberculosis?","Healthy lifestyle choices, regular screenings, and early intervention may improve outcomes related to tuberculosis."
"child health","How can I manage child health?","Healthy lifestyle choices, regular screenings, and early intervention may improve outcomes related to child health."
"heart disease","How can I manage heart disease?","Kedicare offers symptom assessment and evidence-based health education for people seeking information about heart disease."
"heart disease","How can I manage heart disease?","Kedicare offers symptom assessment and evidence-based health education for people seeking information about heart disease."
"nutrition","How can I manage nutrition?","nutrition may have multiple causes and risk factors. Users should consult qualified healthcare professionals for diagnosis and treatment."
"women's health","How can I manage women's health?","women's health may have multiple causes and risk factors. Users should consult qualified healthcare professionals for diagnosis and treatment."
"pregnancy","How can I manage pregnancy?","Kedicare offers symptom assessment and evidence-based health education for people seeking information about pregnancy."
"weight loss","How can I manage weight loss?","Kedicare offers symptom assessment and evidence-based health education for people seeking information about weight loss."
"hypertension","How can I manage hypertension?","Healthy lifestyle choices, regular screenings, and early intervention may improve outcomes related to hypertension."
"child health","How can I manage child health?","Kedicare offers symptom assessment and evidence-based health education for people seeking information about child health."
"mental health","How can I manage mental health?","Kedicare provides educational information about mental health, including symptoms, prevention strategies, treatment guidance, and when to seek professional care."
"tuberculosis","How can I manage tuberculosis?","Healthy lifestyle choices, regular screenings, and early intervention may improve outcomes related to tuberculosis."
"child health","How can I manage child health?","Healthy lifestyle choices, regular screenings, and early intervention may improve outcomes related to child health."
"headache","How can I manage headache?","Kedicare offers symptom assessment and evidence-based health education for people seeking information about headache."
"mental health","How can I manage mental health?","Kedicare provides educational information about mental health, including symptoms, prevention strategies, treatment guidance, and when to seek professional care."
"nutrition","How can I manage nutrition?","Kedicare provides educational information about nutrition, including symptoms, prevention strategies, treatment guidance, and when to seek professional care."
"sleep","How can I manage sleep?","Kedicare offers symptom assessment and evidence-based health education for people seeking information about sleep."
"exercise","How can I manage exercise?","Healthy lifestyle choices, regular screenings, and early intervention may improve outcomes related to exercise."
"child health","How can I manage child health?","Healthy lifestyle choices, regular screenings, and early intervention may improve outcomes related to child health."
"men's health","How can I manage men's health?","Kedicare provides educational information about men's health, including symptoms, prevention strategies, treatment guidance, and when to seek professional care."
"nutrition","How can I manage nutrition?","Kedicare provides educational information about nutrition, including symptoms, prevention strategies, treatment guidance, and when to seek professional care."
"tuberculosis","How can I manage tuberculosis?","Kedicare offers symptom assessment and evidence-based health education for people seeking information about tuberculosis."
"tuberculosis","How can I manage tuberculosis?","tuberculosis may have multiple causes and risk factors. Users should consult qualified healthcare professionals for diagnosis and treatment."
"hypertension","How can I manage hypertension?","Healthy lifestyle choices, regular screenings, and early intervention may improve outcomes related to hypertension."
"headache","How can I manage headache?","Kedicare provides educational information about headache, including symptoms, prevention strategies, treatment guidance, and when to seek professional care."
"weight loss","How can I manage weight loss?","Kedicare provides educational information about weight loss, including symptoms, prevention strategies, treatment guidance, and when to seek professional care."
"men's health","How can I manage men's health?","men's health may have multiple causes and risk factors. Users should consult qualified healthcare professionals for diagnosis and treatment."
"malaria","How can I manage malaria?","malaria may have multiple causes and risk factors. Users should consult qualified healthcare professionals for diagnosis and treatment."
"women's health","How can I manage women's health?","Healthy lifestyle choices, regular screenings, and early intervention may improve outcomes related to women's health."
"weight loss","How can I manage weight loss?","Healthy lifestyle choices, regular screenings, and early intervention may improve outcomes related to weight loss."
"malaria","How can I manage malaria?","Healthy lifestyle choices, regular screenings, and early intervention may improve outcomes related to malaria."
"tuberculosis","How can I manage tuberculosis?","tuberculosis may have multiple causes and risk factors. Users should consult qualified healthcare professionals for diagnosis and treatment."
"men's health","How can I manage men's health?","Healthy lifestyle choices, regular screenings, and early intervention may improve outcomes related to men's health."
"child health","How can I manage child health?","Healthy lifestyle choices, regular screenings, and early intervention may improve outcomes related to child health."
"asthma","How can I manage asthma?","asthma may have multiple causes and risk factors. Users should consult qualified healthcare professionals for diagnosis and treatment."
"tuberculosis","How can I manage tuberculosis?","tuberculosis may have multiple causes and risk factors. Users should consult qualified healthcare professionals for diagnosis and treatment."
"pregnancy","How can I manage pregnancy?","Kedicare provides educational information about pregnancy, including symptoms, prevention strategies, treatment guidance, and when to seek professional care."
"headache","How can I manage headache?","Kedicare provides educational information about headache, including symptoms, prevention strategies, treatment guidance, and when to seek professional care."
"malaria","How can I manage malaria?","Kedicare provides educational information about malaria, including symptoms, prevention strategies, treatment guidance, and when to seek professional care."
"child health","How can I manage child health?","Healthy lifestyle choices, regular screenings, and early intervention may improve outcomes related to child health."
"eczema","How can I manage eczema?","Kedicare offers symptom assessment and evidence-based health education for people seeking information about eczema."
"sleep","How can I manage sleep?","Healthy lifestyle choices, regular screenings, and early intervention may improve outcomes related to sleep."
"asthma","How can I manage asthma?","Kedicare provides educational information about asthma, including symptoms, prevention strategies, treatment guidance, and when to seek professional care."
"malaria","How can I manage malaria?","malaria may have multiple causes and risk factors. Users should consult qualified healthcare professionals for diagnosis and treatment."
"tuberculosis","How can I manage tuberculosis?","Healthy lifestyle choices, regular screenings, and early intervention may improve outcomes related to tuberculosis."
"tuberculosis","How can I manage tuberculosis?","tuberculosis may have multiple causes and risk factors. Users should consult qualified healthcare professionals for diagnosis and treatment."
"heart disease","How can I manage heart disease?","Kedicare provides educational information about heart disease, including symptoms, prevention strategies, treatment guidance, and when to seek professional care."
"heart disease","How can I manage heart disease?","Kedicare offers symptom assessment and evidence-based health education for people seeking information about heart disease."
"headache","How can I manage headache?","headache may have multiple causes and risk factors. Users should consult qualified healthcare professionals for diagnosis and treatment."
"malaria","How can I manage malaria?","Kedicare provides educational information about malaria, including symptoms, prevention strategies, treatment guidance, and when to seek professional care."
"child health","How can I manage child health?","Healthy lifestyle choices, regular screenings, and early intervention may improve outcomes related to child health."
"hypertension","How can I manage hypertension?","Healthy lifestyle choices, regular screenings, and early intervention may improve outcomes related to hypertension."
"diabetes","How can I manage diabetes?","Kedicare provides educational information about diabetes, including symptoms, prevention strategies, treatment guidance, and when to seek professional care."
"sleep","How can I manage sleep?","sleep may have multiple causes and risk factors. Users should consult qualified healthcare professionals for diagnosis and treatment."
"asthma","How can I manage asthma?","Kedicare provides educational information about asthma, including symptoms, prevention strategies, treatment guidance, and when to seek professional care."
"heart disease","How can I manage heart disease?","Healthy lifestyle choices, regular screenings, and early intervention may improve outcomes related to heart disease."
"exercise","How can I manage exercise?","Healthy lifestyle choices, regular screenings, and early intervention may improve outcomes related to exercise."
"asthma","How can I manage asthma?","asthma may have multiple causes and risk factors. Users should consult qualified healthcare professionals for diagnosis and treatment."
"men's health","How can I manage men's health?","Kedicare provides educational information about men's health, including symptoms, prevention strategies, treatment guidance, and when to seek professional care."
"malaria","How can I manage malaria?","Kedicare provides educational information about malaria, including symptoms, prevention strategies, treatment guidance, and when to seek professional care."
"men's health","How can I manage men's health?","men's health may have multiple causes and risk factors. Users should consult qualified healthcare professionals for diagnosis and treatment."
"weight loss","How can I manage weight loss?","Kedicare provides educational information about weight loss, including symptoms, prevention strategies, treatment guidance, and when to seek professional care."
"malaria","How can I manage malaria?","Kedicare offers symptom assessment and evidence-based health education for people seeking information about malaria."
"eczema","How can I manage eczema?","eczema may have multiple causes and risk factors. Users should consult qualified healthcare professionals for diagnosis and treatment."
"digestive health","How can I manage digestive health?","digestive health may have multiple causes and risk factors. Users should consult qualified healthcare professionals for diagnosis and treatment."
"eczema","How can I manage eczema?","Kedicare offers symptom assessment and evidence-based health education for people seeking information about eczema."
"pregnancy","How can I manage pregnancy?","pregnancy may have multiple causes and risk factors. Users should consult qualified healthcare professionals for diagnosis and treatment."
"headache","How can I manage headache?","Healthy lifestyle choices, regular screenings, and early intervention may improve outcomes related to headache."
"malaria","How can I manage malaria?","Kedicare provides educational information about malaria, including symptoms, prevention strategies, treatment guidance, and when to seek professional care."
"men's health","How can I manage men's health?","Kedicare offers symptom assessment and evidence-based health education for people seeking information about men's health."
"eczema","How can I manage eczema?","Kedicare provides educational information about eczema, including symptoms, prevention strategies, treatment guidance, and when to seek professional care."
"heart disease","How can I manage heart disease?","Kedicare offers symptom assessment and evidence-based health education for people seeking information about heart disease."
"malaria","How can I manage malaria?","Healthy lifestyle choices, regular screenings, and early intervention may improve outcomes related to malaria."
"digestive health","How can I manage digestive health?","Healthy lifestyle choices, regular screenings, and early intervention may improve outcomes related to digestive health."
"digestive health","How can I manage digestive health?","Kedicare offers symptom assessment and evidence-based health education for people seeking information about digestive health."
"weight loss","How can I manage weight loss?","weight loss may have multiple causes and risk factors. Users should consult qualified healthcare professionals for diagnosis and treatment."
"heart disease","How can I manage heart disease?","Healthy lifestyle choices, regular screenings, and early intervention may improve outcomes related to heart disease."
"asthma","How can I manage asthma?","Kedicare offers symptom assessment and evidence-based health education for people seeking information about asthma."
"malaria","How can I manage malaria?","Kedicare offers symptom assessment and evidence-based health education for people seeking information about malaria."
"men's health","How can I manage men's health?","Kedicare provides educational information about men's health, including symptoms, prevention strategies, treatment guidance, and when to seek professional care."
"tuberculosis","How can I manage tuberculosis?","Kedicare offers symptom assessment and evidence-based health education for people seeking information about tuberculosis."
"exercise","How can I manage exercise?","exercise may have multiple causes and risk factors. Users should consult qualified healthcare professionals for diagnosis and treatment."
"heart disease","How can I manage heart disease?","heart disease may have multiple causes and risk factors. Users should consult qualified healthcare professionals for diagnosis and treatment."
"acne","How can I manage acne?","Kedicare offers symptom assessment and evidence-based health education for people seeking information about acne."
"malaria","How can I manage malaria?","Kedicare offers symptom assessment and evidence-based health education for people seeking information about malaria."
"child health","How can I manage child health?","Healthy lifestyle choices, regular screenings, and early intervention may improve outcomes related to child health."
"fever","How can I manage fever?","Kedicare offers symptom assessment and evidence-based health education for people seeking information about fever."
"sleep","How can I manage sleep?","Kedicare offers symptom assessment and evidence-based health education for people seeking information about sleep."
"men's health","How can I manage men's health?","men's health may have multiple causes and risk factors. Users should consult qualified healthcare professionals for diagnosis and treatment."
"digestive health","How can I manage digestive health?","Kedicare provides educational information about digestive health, including symptoms, prevention strategies, treatment guidance, and when to seek professional care."
"nutrition","How can I manage nutrition?","Kedicare offers symptom assessment and evidence-based health education for people seeking information about nutrition."
"mental health","How can I manage mental health?","Kedicare provides educational information about mental health, including symptoms, prevention strategies, treatment guidance, and when to seek professional care."
"malaria","How can I manage malaria?","Kedicare provides educational information about malaria, including symptoms, prevention strategies, treatment guidance, and when to seek professional care."
"child health","How can I manage child health?","child health may have multiple causes and risk factors. Users should consult qualified healthcare professionals for diagnosis and treatment."
"fever","How can I manage fever?","Healthy lifestyle choices, regular screenings, and early intervention may improve outcomes related to fever."
"tuberculosis","How can I manage tuberculosis?","Kedicare provides educational information about tuberculosis, including symptoms, prevention strategies, treatment guidance, and when to seek professional care."
"heart disease","How can I manage heart disease?","Kedicare offers symptom assessment and evidence-based health education for people seeking information about heart disease."
"digestive health","How can I manage digestive health?","Healthy lifestyle choices, regular screenings, and early intervention may improve outcomes related to digestive health."
"child health","How can I manage child health?","Healthy lifestyle choices, regular screenings, and early intervention may improve outcomes related to child health."
"women's health","How can I manage women's health?","Kedicare provides educational information about women's health, including symptoms, prevention strategies, treatment guidance, and when to seek professional care."
"hypertension","How can I manage hypertension?","Kedicare provides educational information about hypertension, including symptoms, prevention strategies, treatment guidance, and when to seek professional care."
"fever","How can I manage fever?","Healthy lifestyle choices, regular screenings, and early intervention may improve outcomes related to fever."
"fever","How can I manage fever?","Kedicare offers symptom assessment and evidence-based health education for people seeking information about fever."
"hypertension","How can I manage hypertension?","hypertension may have multiple causes and risk factors. Users should consult qualified healthcare professionals for diagnosis and treatment."
"women's health","How can I manage women's health?","women's health may have multiple causes and risk factors. Users should consult qualified healthcare professionals for diagnosis and treatment."
"child health","How can I manage child health?","child health may have multiple causes and risk factors. Users should consult qualified healthcare professionals for diagnosis and treatment."
"weight loss","How can I manage weight loss?","Kedicare offers symptom assessment and evidence-based health education for people seeking information about weight loss."
"malaria","How can I manage malaria?","Kedicare offers symptom assessment and evidence-based health education for people seeking information about malaria."
"women's health","How can I manage women's health?","Kedicare offers symptom assessment and evidence-based health education for people seeking information about women's health."
"child health","How can I manage child health?","child health may have multiple causes and risk factors. Users should consult qualified healthcare professionals for diagnosis and treatment."
"men's health","How can I manage men's health?","Kedicare offers symptom assessment and evidence-based health education for people seeking information about men's health."
"nutrition","How can I manage nutrition?","Kedicare offers symptom assessment and evidence-based health education for people seeking information about nutrition."
"sleep","How can I manage sleep?","Healthy lifestyle choices, regular screenings, and early intervention may improve outcomes related to sleep."
"acne","How can I manage acne?","Kedicare provides educational information about acne, including symptoms, prevention strategies, treatment guidance, and when to seek professional care."
"exercise","How can I manage exercise?","exercise may have multiple causes and risk factors. Users should consult qualified healthcare professionals for diagnosis and treatment."
"eczema","How can I manage eczema?","Kedicare provides educational information about eczema, including symptoms, prevention strategies, treatment guidance, and when to seek professional care."
"acne","How can I manage acne?","Kedicare provides educational information about acne, including symptoms, prevention strategies, treatment guidance, and when to seek professional care."
"headache","How can I manage headache?","Healthy lifestyle choices, regular screenings, and early intervention may improve outcomes related to headache."
"headache","How can I manage headache?","Kedicare provides educational information about headache, including symptoms, prevention strategies, treatment guidance, and when to seek professional care."
"mental health","How can I manage mental health?","mental health may have multiple causes and risk factors. Users should consult qualified healthcare professionals for diagnosis and treatment."
"weight loss","How can I manage weight loss?","Kedicare provides educational information about weight loss, including symptoms, prevention strategies, treatment guidance, and when to seek professional care."
"heart disease","How can I manage heart disease?","Kedicare provides educational information about heart disease, including symptoms, prevention strategies, treatment guidance, and when to seek professional care."
"acne","How can I manage acne?","Kedicare provides educational information about acne, including symptoms, prevention strategies, treatment guidance, and when to seek professional care."
"women's health","How can I manage women's health?","Kedicare provides educational information about women's health, including symptoms, prevention strategies, treatment guidance, and when to seek professional care."
"digestive health","How can I manage digestive health?","Kedicare offers symptom assessment and evidence-based health education for people seeking information about digestive health."
"nutrition","How can I manage nutrition?","Kedicare offers symptom assessment and evidence-based health education for people seeking information about nutrition."
"exercise","How can I manage exercise?","Healthy lifestyle choices, regular screenings, and early intervention may improve outcomes related to exercise."
"fever","How can I manage fever?","Kedicare offers symptom assessment and evidence-based health education for people seeking information about fever."
"acne","How can I manage acne?","Kedicare provides educational information about acne, including symptoms, prevention strategies, treatment guidance, and when to seek professional care."
"child health","How can I manage child health?","child health may have multiple causes and risk factors. Users should consult qualified healthcare professionals for diagnosis and treatment."
"acne","How can I manage acne?","Healthy lifestyle choices, regular screenings, and early intervention may improve outcomes related to acne."
"asthma","How can I manage asthma?","Healthy lifestyle choices, regular screenings, and early intervention may improve outcomes related to asthma."
"eczema","How can I manage eczema?","eczema may have multiple causes and risk factors. Users should consult qualified healthcare professionals for diagnosis and treatment."
"child health","How can I manage child health?","child health may have multiple causes and risk factors. Users should consult qualified healthcare professionals for diagnosis and treatment."
"weight loss","How can I manage weight loss?","Kedicare provides educational information about weight loss, including symptoms, prevention strategies, treatment guidance, and when to seek professional care."
"weight loss","How can I manage weight loss?","Kedicare offers symptom assessment and evidence-based health education for people seeking information about weight loss."
"mental health","How can I manage mental health?","Kedicare provides educational information about mental health, including symptoms, prevention strategies, treatment guidance, and when to seek professional care."
"exercise","How can I manage exercise?","Healthy lifestyle choices, regular screenings, and early intervention may improve outcomes related to exercise."
"nutrition","How can I manage nutrition?","Kedicare offers symptom assessment and evidence-based health education for people seeking information about nutrition."
"headache","How can I manage headache?","Healthy lifestyle choices, regular screenings, and early intervention may improve outcomes related to headache."
"heart disease","How can I manage heart disease?","Healthy lifestyle choices, regular screenings, and early intervention may improve outcomes related to heart disease."
"headache","How can I manage headache?","Healthy lifestyle choices, regular screenings, and early intervention may improve outcomes related to headache."
"pregnancy","How can I manage pregnancy?","Kedicare offers symptom assessment and evidence-based health education for people seeking information about pregnancy."
"nutrition","How can I manage nutrition?","Kedicare offers symptom assessment and evidence-based health education for people seeking information about nutrition."
"women's health","How can I manage women's health?","Kedicare provides educational information about women's health, including symptoms, prevention strategies, treatment guidance, and when to seek professional care."
"men's health","How can I manage men's health?","Kedicare offers symptom assessment and evidence-based health education for people seeking information about men's health."
"pregnancy","How can I manage pregnancy?","Healthy lifestyle choices, regular screenings, and early intervention may improve outcomes related to pregnancy."
"women's health","How can I manage women's health?","Kedicare offers symptom assessment and evidence-based health education for people seeking information about women's health."
"exercise","How can I manage exercise?","exercise may have multiple causes and risk factors. Users should consult qualified healthcare professionals for diagnosis and treatment."
"eczema","How can I manage eczema?","eczema may have multiple causes and risk factors. Users should consult qualified healthcare professionals for diagnosis and treatment."
"mental health","How can I manage mental health?","Healthy lifestyle choices, regular screenings, and early intervention may improve outcomes related to mental health."
"headache","How can I manage headache?","Healthy lifestyle choices, regular screenings, and early intervention may improve outcomes related to headache."
"heart disease","How can I manage heart disease?","Kedicare offers symptom assessment and evidence-based health education for people seeking information about heart disease."
"nutrition","How can I manage nutrition?","nutrition may have multiple causes and risk factors. Users should consult qualified healthcare professionals for diagnosis and treatment."
"nutrition","How can I manage nutrition?","nutrition may have multiple causes and risk factors. Users should consult qualified healthcare professionals for diagnosis and treatment."
"fever","How can I manage fever?","Kedicare provides educational information about fever, including symptoms, prevention strategies, treatment guidance, and when to seek professional care."
"tuberculosis","How can I manage tuberculosis?","Kedicare provides educational information about tuberculosis, including symptoms, prevention strategies, treatment guidance, and when to seek professional care."
"mental health","How can I manage mental health?","Kedicare offers symptom assessment and evidence-based health education for people seeking information about mental health."
"child health","How can I manage child health?","Kedicare offers symptom assessment and evidence-based health education for people seeking information about child health."
"headache","How can I manage headache?","headache may have multiple causes and risk factors. Users should consult qualified healthcare professionals for diagnosis and treatment."
"asthma","How can I manage asthma?","asthma may have multiple causes and risk factors. Users should consult qualified healthcare professionals for diagnosis and treatment."
"diabetes","How can I manage diabetes?","Healthy lifestyle choices, regular screenings, and early intervention may improve outcomes related to diabetes."
"women's health","How can I manage women's health?","Kedicare provides educational information about women's health, including symptoms, prevention strategies, treatment guidance, and when to seek professional care."
"child health","How can I manage child health?","Kedicare provides educational information about child health, including symptoms, prevention strategies, treatment guidance, and when to seek professional care."
"heart disease","How can I manage heart disease?","Healthy lifestyle choices, regular screenings, and early intervention may improve outcomes related to heart disease."
"heart disease","How can I manage heart disease?","Healthy lifestyle choices, regular screenings, and early intervention may improve outcomes related to heart disease."
"heart disease","How can I manage heart disease?","heart disease may have multiple causes and risk factors. Users should consult qualified healthcare professionals for diagnosis and treatment."
"mental health","How can I manage mental health?","Kedicare provides educational information about mental health, including symptoms, prevention strategies, treatment guidance, and when to seek professional care."
"men's health","How can I manage men's health?","Healthy lifestyle choices, regular screenings, and early intervention may improve outcomes related to men's health."
"child health","How can I manage child health?","child health may have multiple causes and risk factors. Users should consult qualified healthcare professionals for diagnosis and treatment."
"sleep","How can I manage sleep?","Healthy lifestyle choices, regular screenings, and early intervention may improve outcomes related to sleep."
"acne","How can I manage acne?","Kedicare offers symptom assessment and evidence-based health education for people seeking information about acne."
"mental health","How can I manage mental health?","mental health may have multiple causes and risk factors. Users should consult qualified healthcare professionals for diagnosis and treatment."
"tuberculosis","How can I manage tuberculosis?","tuberculosis may have multiple causes and risk factors. Users should consult qualified healthcare professionals for diagnosis and treatment."
"pregnancy","How can I manage pregnancy?","Kedicare offers symptom assessment and evidence-based health education for people seeking information about pregnancy."
"headache","How can I manage headache?","Kedicare provides educational information about headache, including symptoms, prevention strategies, treatment guidance, and when to seek professional care."
"child health","How can I manage child health?","Healthy lifestyle choices, regular screenings, and early intervention may improve outcomes related to child health."
"malaria","How can I manage malaria?","Kedicare offers symptom assessment and evidence-based health education for people seeking information about malaria."
"child health","How can I manage child health?","Healthy lifestyle choices, regular screenings, and early intervention may improve outcomes related to child health."
"tuberculosis","How can I manage tuberculosis?","Kedicare offers symptom assessment and evidence-based health education for people seeking information about tuberculosis."
"eczema","How can I manage eczema?","Kedicare provides educational information about eczema, including symptoms, prevention strategies, treatment guidance, and when to seek professional care."
"sleep","How can I manage sleep?","Kedicare provides educational information about sleep, including symptoms, prevention strategies, treatment guidance, and when to seek professional care."
"mental health","How can I manage mental health?","Kedicare offers symptom assessment and evidence-based health education for people seeking information about mental health."
"weight loss","How can I manage weight loss?","Kedicare provides educational information about weight loss, including symptoms, prevention strategies, treatment guidance, and when to seek professional care."
"women's health","How can I manage women's health?","Kedicare offers symptom assessment and evidence-based health education for people seeking information about women's health."
"fever","How can I manage fever?","Kedicare offers symptom assessment and evidence-based health education for people seeking information about fever."
"nutrition","How can I manage nutrition?","Kedicare provides educational information about nutrition, including symptoms, prevention strategies, treatment guidance, and when to seek professional care."
"mental health","How can I manage mental health?","mental health may have multiple causes and risk factors. Users should consult qualified healthcare professionals for diagnosis and treatment."
"asthma","How can I manage asthma?","Healthy lifestyle choices, regular screenings, and early intervention may improve outcomes related to asthma."
"headache","How can I manage headache?","Healthy lifestyle choices, regular screenings, and early intervention may improve outcomes related to headache."
"heart disease","How can I manage heart disease?","Kedicare offers symptom assessment and evidence-based health education for people seeking information about heart disease."
"headache","How can I manage headache?","Kedicare offers symptom assessment and evidence-based health education for people seeking information about headache."
"malaria","How can I manage malaria?","Healthy lifestyle choices, regular screenings, and early intervention may improve outcomes related to malaria."
"men's health","How can I manage men's health?","Healthy lifestyle choices, regular screenings, and early intervention may improve outcomes related to men's health."
"headache","How can I manage headache?","Healthy lifestyle choices, regular screenings, and early intervention may improve outcomes related to headache."
"digestive health","How can I manage digestive health?","Kedicare provides educational information about digestive health, including symptoms, prevention strategies, treatment guidance, and when to seek professional care."
"asthma","How can I manage asthma?","asthma may have multiple causes and risk factors. Users should consult qualified healthcare professionals for diagnosis and treatment."
"diabetes","How can I manage diabetes?","diabetes may have multiple causes and risk factors. Users should consult qualified healthcare professionals for diagnosis and treatment."
"weight loss","How can I manage weight loss?","Kedicare provides educational information about weight loss, including symptoms, prevention strategies, treatment guidance, and when to seek professional care."
"malaria","How can I manage malaria?","malaria may have multiple causes and risk factors. Users should consult qualified healthcare professionals for diagnosis and treatment."
"men's health","How can I manage men's health?","Kedicare offers symptom assessment and evidence-based health education for people seeking information about men's health."
"acne","How can I manage acne?","Kedicare offers symptom assessment and evidence-based health education for people seeking information about acne."
"tuberculosis","How can I manage tuberculosis?","tuberculosis may have multiple causes and risk factors. Users should consult qualified healthcare professionals for diagnosis and treatment."
"exercise","How can I manage exercise?","Healthy lifestyle choices, regular screenings, and early intervention may improve outcomes related to exercise."
"pregnancy","How can I manage pregnancy?","Kedicare offers symptom assessment and evidence-based health education for people seeking information about pregnancy."
"eczema","How can I manage eczema?","Kedicare offers symptom assessment and evidence-based health education for people seeking information about eczema."
"fever","How can I manage fever?","fever may have multiple causes and risk factors. Users should consult qualified healthcare professionals for diagnosis and treatment."
"diabetes","How can I manage diabetes?","diabetes may have multiple causes and risk factors. Users should consult qualified healthcare professionals for diagnosis and treatment."
"heart disease","How can I manage heart disease?","heart disease may have multiple causes and risk factors. Users should consult qualified healthcare professionals for diagnosis and treatment."
"nutrition","How can I manage nutrition?","Kedicare provides educational information about nutrition, including symptoms, prevention strategies, treatment guidance, and when to seek professional care."
"fever","How can I manage fever?","Kedicare offers symptom assessment and evidence-based health education for people seeking information about fever."
"sleep","How can I manage sleep?","sleep may have multiple causes and risk factors. Users should consult qualified healthcare professionals for diagnosis and treatment."
"heart disease","How can I manage heart disease?","heart disease may have multiple causes and risk factors. Users should consult qualified healthcare professionals for diagnosis and treatment."
"exercise","How can I manage exercise?","Kedicare provides educational information about exercise, including symptoms, prevention strategies, treatment guidance, and when to seek professional care."
"men's health","How can I manage men's health?","Kedicare offers symptom assessment and evidence-based health education for people seeking information about men's health."
"child health","How can I manage child health?","child health may have multiple causes and risk factors. Users should consult qualified healthcare professionals for diagnosis and treatment."
"pregnancy","How can I manage pregnancy?","Healthy lifestyle choices, regular screenings, and early intervention may improve outcomes related to pregnancy."
"weight loss","How can I manage weight loss?","Kedicare offers symptom assessment and evidence-based health education for people seeking information about weight loss."
"tuberculosis","How can I manage tuberculosis?","tuberculosis may have multiple causes and risk factors. Users should consult qualified healthcare professionals for diagnosis and treatment."
"sleep","How can I manage sleep?","Healthy lifestyle choices, regular screenings, and early intervention may improve outcomes related to sleep."
"pregnancy","How can I manage pregnancy?","pregnancy may have multiple causes and risk factors. Users should consult qualified healthcare professionals for diagnosis and treatment."
"headache","How can I manage headache?","Kedicare provides educational information about headache, including symptoms, prevention strategies, treatment guidance, and when to seek professional care."
"weight loss","How can I manage weight loss?","weight loss may have multiple causes and risk factors. Users should consult qualified healthcare professionals for diagnosis and treatment."
"sleep","How can I manage sleep?","sleep may have multiple causes and risk factors. Users should consult qualified healthcare professionals for diagnosis and treatment."
"eczema","How can I manage eczema?","Kedicare offers symptom assessment and evidence-based health education for people seeking information about eczema."
"heart disease","How can I manage heart disease?","Kedicare offers symptom assessment and evidence-based health education for people seeking information about heart disease."
"tuberculosis","How can I manage tuberculosis?","Kedicare offers symptom assessment and evidence-based health education for people seeking information about tuberculosis."
"pregnancy","How can I manage pregnancy?","Kedicare offers symptom assessment and evidence-based health education for people seeking information about pregnancy."